original_address1,latitude,longitude,housing_units,issue_date,status_current,home_flag,home_confidence,sb840_flag,sb840_confidence,sb15_flag,sb15_confidence
136 FREDERICK ST,30.23130247,-97.76171654,1,2024-02-06,Withdrawn,HOME (matched to Plan Review Case),high,,,,
613 CLIFFORD DR,30.22389668,-97.77273872,2,2024-02-07,Final,HOME (matched to Plan Review Case),high,,,,
13309 MORRIS RD BLDG 4,30.46033916,-97.76789009,2,2024-02-15,Final,HOME (matched to Plan Review Case),high,,,,
2000 RIVERSIDE FARMS RD,30.23006572,-97.71492759,2,2024-03-05,Active,HOME (matched to Plan Review Case),high,,,,
2000 RIVERSIDE FARMS RD,30.23006572,-97.71492759,2,2024-03-05,Active,HOME (matched to Plan Review Case),high,,,,
2000 RIVERSIDE FARMS RD,30.23006572,-97.71492759,2,2024-03-05,Expired,HOME (matched to Plan Review Case),high,,,,
2000 RIVERSIDE FARMS RD BLDG 14,30.23006572,-97.71492759,2,2024-03-05,Active,HOME (matched to Plan Review Case),high,,,,
2000 RIVERSIDE FARMS RD,30.23006572,-97.71492759,2,2024-03-05,Expired,HOME (matched to Plan Review Case),high,,,,
2000 RIVERSIDE FARMS RD BLDG 16,30.23006572,-97.71492759,2,2024-03-05,Active,HOME (matched to Plan Review Case),high,,,,
2000 RIVERSIDE FARMS RD,30.23006572,-97.71492759,2,2024-03-05,Active,HOME (matched to Plan Review Case),high,,,,
2000 RIVERSIDE FARMS RD,30.23006572,-97.71492759,2,2024-03-05,Expired,HOME (matched to Plan Review Case),high,,,,
1907 KENWOOD AVE,30.24012525,-97.74232395,2,2024-03-11,Withdrawn,HOME (matched to Plan Review Case),high,,,,
1813 W ST JOHNS AVE,30.34484021,-97.73124761,2,2024-03-14,Final,"HOME Phase 1 (inferred, 2-3 unit)",medium,,,,
4405 MOUNT VERNON DR,30.22343041,-97.77762199,2,2024-03-22,Final,HOME (matched to Plan Review Case),high,,,,
1703 SANCHEZ ST BLDG 1,30.28025911,-97.70630285,2,2024-04-01,Expired,"HOME Phase 1 (inferred, 2-3 unit)",medium,,,,
5509 WILLIAM HOLLAND AVE,30.32883202,-97.73729751,2,2024-04-02,Active,HOME (matched to Plan Review Case),high,,,,
1409 VALLEYRIDGE DR,,,2,2024-04-04,Final,HOME (matched to Plan Review Case),high,,,,
4911 DUVAL ST,30.31278513,-97.72057952,2,2024-05-07,Final,HOME (matched to Plan Review Case),high,,,,
909 VARGAS RD,,,2,2024-05-15,Final,HOME (matched to Plan Review Case),high,,,,
120 KIMBLE LN,30.24376842,-97.68564711,2,2024-05-15,Final,HOME (matched to Plan Review Case),high,,,,
1404 CEDAR AVE,30.27722004,-97.71369608,2,2024-05-17,Final,"HOME Phase 1 (inferred, 2-3 unit)",medium,,,,
1703 CEDAR BEND DR,30.40772833,-97.6923991,1,2024-05-22,Final,HOME (matched to Plan Review Case),high,,,,
4907 FM 2222 RD BLDG 8,30.3482687,-97.78570518,2,2024-05-23,Final,"HOME Phase 1 (inferred, 2-3 unit)",medium,,,,
2806 SAN PEDRO ST,30.29397197,-97.74589553,2,2024-05-24,Withdrawn,HOME (matched to Plan Review Case),high,,,,
2806 SAN PEDRO ST,30.29397197,-97.74589553,1,2024-05-24,Withdrawn,HOME (matched to Plan Review Case),high,,,,
1118 AZIE MORTON RD,30.25979697,-97.77193553,2,2024-06-03,Expired,"HOME Phase 1 (inferred, 2-3 unit)",medium,,,,
6215 LEDGE MOUNTAIN DR,30.35066133,-97.77505966,2,2024-06-03,Active,"HOME Phase 1 (inferred, 2-3 unit)",medium,,,,
107 W JOHANNA ST,,,2,2024-06-04,Final,HOME (matched to Plan Review Case),high,,,,
2000 RIVERSIDE FARMS RD BLDG 18,30.23006572,-97.71492759,2,2024-06-05,Active,HOME (matched to Plan Review Case),high,,,,
2000 RIVERSIDE FARMS RD,30.23006572,-97.71492759,2,2024-06-05,Active,HOME (matched to Plan Review Case),high,,,,
7202 ALBERT RD,30.19720866,-97.80280594,2,2024-06-12,Final,"HOME Phase 1 (inferred, 2-3 unit)",medium,,,,
2107 BRACKENRIDGE ST,30.2419401,-97.7499315,2,2024-06-17,Final,HOME (matched to Plan Review Case),high,,,,
1807 KENDRA CV,30.35915888,-97.72287224,2,2024-06-24,Final,"HOME Phase 1 (inferred, 2-3 unit)",medium,,,,
3402 GOODWIN AVE,30.26895269,-97.69814724,1,2024-07-01,Final,HOME (matched to Plan Review Case),high,,,,
3402 GOODWIN AVE BLDG 2,30.26895269,-97.69814724,1,2024-07-01,Final,HOME (matched to Plan Review Case),high,,,,
3402 GOODWIN AVE,30.26895269,-97.69814724,1,2024-07-01,Final,HOME (matched to Plan Review Case),high,,,,
2611 OAK CREST AVE,30.23941508,-97.76414226,2,2024-07-02,Active,"HOME Phase 1 (inferred, 2-3 unit)",medium,,,,
2503 TRAILSIDE DR,30.26053527,-97.77612655,1,2024-07-10,Expired,HOME (matched to Plan Review Case),high,,,,
5404 RAIN CREEK PKWY,30.398274,-97.7600137,2,2024-07-15,Final,"HOME Phase 1 (inferred, 2-3 unit)",medium,,,,
1707 JUSTIN LN,30.34205476,-97.7300607,2,2024-07-19,Final,"HOME Phase 1 (inferred, 2-3 unit)",medium,,,,
1003 E 9TH ST,,,2,2024-07-29,Final,"HOME Phase 1 (inferred, 2-3 unit)",medium,,,,
4519 AVENUE F,30.30923658,-97.7263592,2,2024-07-29,Final,"HOME Phase 1 (inferred, 2-3 unit)",medium,,,,
8404 BURRELL DR,,,2,2024-07-31,Final,"HOME Phase 1 (inferred, 2-3 unit)",medium,,,,
1117 BROOKSWOOD AVE,30.26492974,-97.6892428,1,2024-07-31,Final,HOME (matched to Plan Review Case),high,,,,
8404 BURRELL DR,,,2,2024-07-31,Final,"HOME Phase 1 (inferred, 2-3 unit)",medium,,,,
9005 ALDERMAN DR,30.15276867,-97.76150522,5,2024-08-01,Final,HOME (matched to Plan Review Case),high,,,,
6310 WILHELMINA DELCO DR,30.32522605,-97.70985634,1,2024-08-09,Aborted,HOME (matched to Plan Review Case),high,,,,
902 JEWELL ST,30.25173999,-97.75856182,1,2024-08-20,Final,"HOME Phase 2 (inferred, small lot)",medium,,,,
621 BISSONET LN,30.34284103,-97.7142416,2,2024-08-20,Active,"HOME Phase 1 (inferred, 2-3 unit)",medium,,,,
117 HAVANA ST,30.23201839,-97.75984142,2,2024-08-23,Final,"HOME Phase 1 (inferred, 2-3 unit)",medium,,,,
1705 BRIAR ST,30.24974522,-97.75989168,1,2024-08-28,Final,"HOME Phase 2 (inferred, small lot)",medium,,,,
3701 HAMPTON RD,30.29562913,-97.72561111,2,2024-08-28,Final,"HOME Phase 1 (inferred, 2-3 unit)",medium,,,,
1304 ANGELINA ST,30.27424726,-97.72544405,1,2024-09-05,Final,"HOME Phase 2 (inferred, small lot)",medium,,,,
1311 CASEY ST,30.22572206,-97.78179261,2,2024-09-06,Active,HOME (matched to Plan Review Case),high,,,,
6310 WILHELMINA DELCO DR,30.32522605,-97.70985634,1,2024-09-09,Final,HOME (matched to Plan Review Case),high,,,,
4312 AVENUE B,30.30887606,-97.73216981,2,2024-09-09,Expired,"HOME Phase 1 (inferred, 2-3 unit)",medium,,,,
1205 TAYLOR ST,30.25648788,-97.73367936,1,2024-09-19,Final,"HOME Phase 2 (inferred, small lot)",medium,,,,
7202 ALBERT RD,30.19720866,-97.80280594,2,2024-09-19,Final,"HOME Phase 1 (inferred, 2-3 unit)",medium,,,,
1912 FAIRLAWN LN,30.23917512,-97.74103807,2,2024-09-22,Final,"HOME Phase 1 (inferred, 2-3 unit)",medium,,,,
3202 KAY ST,30.27035114,-97.6996807,1,2024-09-23,Final,"HOME Phase 2 (inferred, small lot)",medium,,,,
3301 DOLPHIN CV,30.23606302,-97.77667953,2,2024-09-23,Active,"HOME Phase 1 (inferred, 2-3 unit)",medium,,,,
1402 JULIET ST,30.25841626,-97.76136189,1,2024-09-23,Final,"HOME Phase 2 (inferred, small lot)",medium,,,,
2014 GATHRIGHT CV BLDG 2,30.2328034,-97.7879782,1,2024-09-24,Final,HOME (matched to Plan Review Case),high,,,,
2014 GATHRIGHT CV BLDG 1,30.2328034,-97.7879782,1,2024-09-24,Final,HOME (matched to Plan Review Case),high,,,,
85 LLANO ST,30.25210795,-97.71457062,1,2024-09-26,Expired,"HOME Phase 2 (inferred, small lot)",medium,,,,
1804 S 6TH ST,30.24929858,-97.76312533,1,2024-10-03,Final,"HOME Phase 2 (inferred, small lot)",medium,,,,
3023 E 13TH ST,30.27708601,-97.70272285,1,2024-10-15,Final,"HOME Phase 2 (inferred, small lot)",medium,,,,
1107 LINCOLN ST,30.26604333,-97.71898336,1,2024-10-21,Final,"HOME Phase 2 (inferred, small lot)",medium,,,,
1602 WEBBERVILLE RD,,,2,2024-10-28,Active,HOME (matched to Plan Review Case),high,,,,
800 W JAMES ST,30.25348933,-97.7555594,1,2024-10-29,Final,"HOME Phase 2 (inferred, small lot)",medium,,,,
2503 WESTLAKE DR,30.30553322,-97.78247497,1,2024-10-29,Final,HOME (matched to Plan Review Case),high,,,,
1607 KENWOOD AVE,30.243285,-97.74053811,1,2024-11-04,Final,"HOME Phase 2 (inferred, small lot)",medium,,,,
105 SAN MARCOS ST,30.26110817,-97.73420763,1,2024-11-04,Final,"HOME Phase 2 (inferred, small lot)",medium,,,,
906 CHRISTOPHER ST,30.25569573,-97.75668536,1,2024-11-05,Active,"HOME Phase 2 (inferred, small lot)",medium,,,,
1301 E 3RD ST,,,1,2024-11-05,Final,"HOME Phase 2 (inferred, small lot)",medium,,,,
752 PEDERNALES ST,30.26295098,-97.71301233,1,2024-11-06,Final,"HOME Phase 2 (inferred, small lot)",medium,,,,
1705 HETHER ST,30.251102,-97.77091167,1,2024-11-11,Final,"HOME Phase 2 (inferred, small lot)",medium,,,,
7808 KINCHEON CT,30.21787423,-97.86423283,1,2024-11-11,Final,"HOME Phase 2 (inferred, small lot)",medium,,,,
1402 JULIET ST,30.25841626,-97.76136189,1,2024-11-11,Active,"HOME Phase 2 (inferred, small lot)",medium,,,,
3711 GILBERT ST,30.30130148,-97.77976272,1,2024-11-11,Final,HOME (matched to Plan Review Case),high,,,,
3711 GILBERT ST,30.30130148,-97.77976272,1,2024-11-11,Final,HOME (matched to Plan Review Case),high,,,,
1401 E 3RD ST BLDG 2,,,1,2024-11-13,Final,"HOME Phase 2 (inferred, small lot)",medium,,,,
1401 E 3RD ST BLDG 1,,,1,2024-11-13,Final,"HOME Phase 2 (inferred, small lot)",medium,,,,
4600 BANISTER LN,30.22192707,-97.78291896,1,2024-11-18,Expired,HOME (matched to Plan Review Case),high,,,,
2016 SINGING BROOK,30.3036418,-97.69113951,2,2024-11-18,Final,"HOME Phase 1 (inferred, 2-3 unit)",medium,,,,
2211 EAST SIDE DR BLDG 2,30.23869637,-97.74783266,2,2024-11-21,Final,"HOME Phase 1 (inferred, 2-3 unit)",medium,,,,
402 E 48TH ST,30.3112479,-97.72261504,2,2024-11-25,Final,"HOME Phase 1 (inferred, 2-3 unit)",medium,,,,
4705 SARA DR,30.27102696,-97.69015948,1,2024-11-25,Active,HOME (matched to Plan Review Case),high,,,,
4705 SARA DR,30.27102696,-97.69015948,2,2024-11-25,Active,HOME (matched to Plan Review Case),high,,,,
1802 ULIT AVE,30.28026934,-97.71244398,1,2024-11-26,Final,"HOME Phase 2 (inferred, small lot)",medium,,,,
2005 VISTA LN,30.29320788,-97.76520144,1,2024-11-29,Final,HOME (matched to Plan Review Case),high,,,,
2502 E 9TH ST BLDG 2,,,1,2024-12-02,Active,"HOME Phase 2 (inferred, small lot)",medium,,,,
1007 CHICON ST,30.26545223,-97.7206121,1,2024-12-05,Final,"HOME Phase 2 (inferred, small lot)",medium,,,,
40 ANTHONY ST,30.2509649,-97.72459976,1,2024-12-17,Final,"HOME Phase 2 (inferred, small lot)",medium,,,,
3804 BAILEY LN BLDG 1,30.30709327,-97.74573074,1,2024-12-19,Final,"HOME Phase 2 (inferred, small lot)",medium,,,,
3007 OAKMONT BLVD,30.30424477,-97.75655876,1,2024-12-19,Final,"HOME Phase 2 (inferred, small lot)",medium,,,,
11301 PARDONERS TALE LN,30.15461327,-97.83097029,1,2025-01-08,Active,"HOME Phase 2 (inferred, small lot)",medium,,,,
2007 PENNSYLVANIA AVE,30.2718416,-97.71779652,1,2025-01-15,Expired,"HOME Phase 2 (inferred, small lot)",medium,,,,
1715 NASH AVE,30.25287515,-97.77045911,1,2025-01-16,Active,"HOME Phase 2 (inferred, small lot)",medium,,,,
4422 GILLIS ST,30.22480358,-97.78331806,2,2025-01-16,Final,"HOME Phase 1 (inferred, 2-3 unit)",medium,,,,
4812 CASWELL AVE BLDG A,30.31020241,-97.71814521,2,2025-01-22,Final,"HOME Phase 1 (inferred, 2-3 unit)",medium,,,,
6206 LAIRD DR,30.33750877,-97.73835454,1,2025-01-23,Final,HOME (matched to Plan Review Case),high,,,,
1117 BROOKSWOOD AVE,30.26492974,-97.6892428,1,2025-01-27,Final,HOME (matched to Plan Review Case),high,,,,
4705 AVENUE F,30.31129395,-97.72487714,1,2025-02-03,Final,"HOME Phase 2 (inferred, small lot)",medium,,,,
2312 E 10TH ST,30.26506707,-97.71656376,2,2025-02-04,Final,"HOME Phase 1 (inferred, 2-3 unit)",medium,,,,
1030 BRICKELL LOOP,30.14997839,-97.70364405,2,2025-02-04,Final,HOME (matched to Plan Review Case),high,,,,
1030 BRICKELL LOOP,30.14997839,-97.70364405,2,2025-02-04,Final,HOME (matched to Plan Review Case),high,,,,
2611 S 5TH ST,30.23989621,-97.76577977,2,2025-02-11,Final,"HOME Phase 1 (inferred, 2-3 unit)",medium,,,,
2515 GONZALES ST,30.26141092,-97.71274997,1,2025-02-12,Final,"HOME Phase 2 (inferred, small lot)",medium,,,,
4510 CASWELL AVE,30.30619462,-97.72068188,2,2025-02-18,Final,"HOME Phase 1 (inferred, 2-3 unit)",medium,,,,
1708 CANTERBURY ST,30.25600821,-97.72658615,2,2025-02-18,Final,"HOME Phase 1 (inferred, 2-3 unit)",medium,,,,
4900 MAJESTIC DR,30.22039842,-97.7879219,1,2025-02-24,Final,HOME (matched to Plan Review Case),high,,,,
2503 GONZALES ST,30.26155037,-97.71311371,1,2025-02-24,Expired,"HOME Phase 2 (inferred, small lot)",medium,,,,
1709 MAPLE AVE BLDG 2 UNIT A,30.27918138,-97.71573116,2,2025-02-28,Final,"HOME Phase 1 (inferred, 2-3 unit)",medium,,,,
1709 MAPLE AVE BLDG 2 UNIT B,30.27918138,-97.71573116,2,2025-02-28,Final,"HOME Phase 1 (inferred, 2-3 unit)",medium,,,,
4807 SINCLAIR AVE,30.32058755,-97.74156457,1,2025-03-03,Active,HOME (matched to Plan Review Case),high,,,,
1607 W 10TH ST,30.2792427,-97.76058833,1,2025-03-03,Active,"HOME Phase 2 (inferred, small lot)",medium,,,,
1911 HAMILTON AVE,30.26715069,-97.71906744,1,2025-03-03,Final,"HOME Phase 2 (inferred, small lot)",medium,,,,
4801 SARA DR BLDG 2,30.27051982,-97.68984066,2,2025-03-05,Final,HOME (matched to Plan Review Case),high,,,,
4801 SARA DR BLDG 1,30.27051982,-97.68984066,2,2025-03-05,Final,HOME (matched to Plan Review Case),high,,,,
1107 OLIVE ST,30.27056305,-97.72793905,1,2025-03-06,Final,"HOME Phase 2 (inferred, small lot)",medium,,,,
3705 HOLLYWOOD AVE,30.29307374,-97.71817195,1,2025-03-10,Final,"HOME Phase 2 (inferred, small lot)",medium,,,,
307 W ELIZABETH ST BLDG 1,,,1,2025-03-11,Active,HOME (matched to Plan Review Case),high,,,,
307 W ELIZABETH ST BLDG 2,,,1,2025-03-11,Active,HOME (matched to Plan Review Case),high,,,,
307 W ELIZABETH ST BLDG 3,,,1,2025-03-13,Active,HOME (matched to Plan Review Case),high,,,,
1911 HAMILTON AVE,30.26715069,-97.71906744,1,2025-03-17,Final,"HOME Phase 2 (inferred, small lot)",medium,,,,
1803 WALNUT AVE,30.28019598,-97.71302589,1,2025-03-17,Final,"HOME Phase 2 (inferred, small lot)",medium,,,,
605 THERESA AVE,30.27807972,-97.76664329,1,2025-03-19,Expired,"HOME Phase 2 (inferred, small lot)",medium,,,,
919 GENE JOHNSON ST,30.30754289,-97.71424231,1,2025-03-19,Final,"HOME Phase 2 (inferred, small lot)",medium,,,,
4713 OAK CLIFF DR,30.28360805,-97.68141693,1,2025-04-01,Final,"HOME Phase 2 (inferred, small lot)",medium,,,,
2103 S L DAVIS AVE,30.27086998,-97.71695147,1,2025-04-03,Final,HOME (matched to Plan Review Case),high,,,,
3701 STEVENSON AVE,30.30004668,-97.77945361,2,2025-04-08,Active,HOME (matched to Plan Review Case),high,,,,
1616 W 9TH HALF ST,30.2792412,-97.76147249,1,2025-04-09,Final,"HOME Phase 2 (inferred, small lot)",medium,,,,
3102 FONTANA DR BLDG 1 UNIT 1A,30.23283458,-97.76186262,2,2025-04-10,Active,"HOME Phase 1 (inferred, 2-3 unit)",medium,,,,
3102 FONTANA DR BLDG 1 UNIT 1B,30.23283458,-97.76186262,2,2025-04-10,Active,"HOME Phase 1 (inferred, 2-3 unit)",medium,,,,
3701 STEVENSON AVE,30.30004668,-97.77945361,2,2025-04-10,Active,HOME (matched to Plan Review Case),high,,,,
2409 E 11TH ST BLDG 2,30.265913,-97.71596733,1,2025-04-21,Active,"HOME Phase 2 (inferred, small lot)",medium,,,,
2409 E 11TH ST BLDG 1,30.265913,-97.71596733,1,2025-04-21,Active,"HOME Phase 2 (inferred, small lot)",medium,,,,
1102 CHARLOTTE ST,30.28105247,-97.76113903,1,2025-04-25,Active,"HOME Phase 2 (inferred, small lot)",medium,,,,
1802 KINNEY AVE,30.25191081,-97.76872331,1,2025-04-25,Final,"HOME Phase 2 (inferred, small lot)",medium,,,,
5509 WILLIAM HOLLAND AVE,30.32883202,-97.73729751,1,2025-04-26,Final,HOME (matched to Plan Review Case),high,,,,
615 W JOHANNA ST,30.24584169,-97.75834529,1,2025-04-28,Active,"HOME Phase 2 (inferred, small lot)",medium,,,,
1313 CASEY ST,30.22583049,-97.78198927,2,2025-05-05,Active,HOME (matched to Plan Review Case),high,,,,
511 BELLEVUE PL,30.29128948,-97.73334734,2,2025-05-05,Active,"HOME Phase 1 (inferred, 2-3 unit)",medium,,,,
4606 BANISTER LN,30.22136534,-97.78316181,1,2025-05-06,Final,HOME (matched to Plan Review Case),high,,,,
48 WALLER ST,30.25518307,-97.73497857,1,2025-05-08,Final,HOME (matched to Plan Review Case),high,,,,
3002 E 18TH ST,30.28102204,-97.70501449,1,2025-05-09,Final,"HOME Phase 2 (inferred, small lot)",medium,,,,
6208 TASAJILLO TRL,30.19627729,-97.88748874,1,2025-05-10,Active,"HOME Phase 2 (inferred, small lot)",medium,,,,
1202 BIANCA BREEZE PL,30.27616259,-97.68247072,2,2025-05-12,Active,HOME (matched to Plan Review Case),high,,,,
1203 BIANCA BREEZE PL,30.27607738,-97.68233997,2,2025-05-12,Active,HOME (matched to Plan Review Case),high,,,,
11415 1/2 ZIMMERMAN LN,,,1,2025-05-13,Final,"HOME Phase 2 (inferred, small lot)",medium,,,,
5912 HAROLD CT,,,2,2025-05-14,Active,HOME (matched to Plan Review Case),high,,,,
1400 MASON AVE,30.27650266,-97.68242336,2,2025-05-14,Active,HOME (matched to Plan Review Case),high,,,,
5912 HAROLD CT BLDG 3,,,2,2025-05-14,Expired,HOME (matched to Plan Review Case),high,,,,
2409 FOREST AVE BLDG 2,30.23955177,-97.7568437,1,2025-05-27,Expired,HOME (matched to Plan Review Case),high,,,,
2409 FOREST AVE BLDG 1,30.23955177,-97.7568437,1,2025-05-27,Expired,HOME (matched to Plan Review Case),high,,,,
6500 HICKMAN AVE,30.31767322,-97.68922409,2,2025-06-08,Active,"HOME Phase 1 (inferred, 2-3 unit)",medium,,,,
3022 E 14TH HALF ST,30.27896451,-97.70312481,1,2025-06-10,Final,"HOME Phase 2 (inferred, small lot)",medium,,,,
932 E 53RD ST,30.31268235,-97.71177286,1,2025-06-11,Final,"HOME Phase 2 (inferred, small lot)",medium,,,,
1509 E 14TH ST,30.2751318,-97.72349988,1,2025-06-12,Final,"HOME Phase 2 (inferred, small lot)",medium,,,,
5509 MEADOW CREST,30.19267459,-97.73530139,1,2025-06-13,Expired,"HOME Phase 2 (inferred, small lot)",medium,,,,
2604 ST ANTHONY ST,30.29951619,-97.76323328,1,2025-06-18,Active,HOME (matched to Plan Review Case),high,,,,
1008 HILLSIDE AVE,30.25332085,-97.74502068,1,2025-06-18,Final,"HOME Phase 2 (inferred, small lot)",medium,,,,
1204 MARCY ST BLDG 1A,30.22663703,-97.77912704,2,2025-06-23,Active,HOME (matched to Plan Review Case),high,,,,
1507 JULIET ST,30.25862118,-97.76266489,1,2025-06-23,Final,"HOME Phase 2 (inferred, small lot)",medium,,,,
2108 E 9TH ST BLDG 2 UNIT A,,,2,2025-06-23,Active,"HOME Phase 1 (inferred, 2-3 unit)",medium,,,,
45 COMAL ST,30.25284851,-97.73012461,2,2025-06-23,Active,"HOME Phase 1 (inferred, 2-3 unit)",medium,,,,
2108 E 9TH ST BLDG 2 UNIT B,,,2,2025-06-23,Active,"HOME Phase 1 (inferred, 2-3 unit)",medium,,,,
4902 AVENUE G,30.31324385,-97.72311579,1,2025-06-26,Final,"HOME Phase 2 (inferred, small lot)",medium,,,,
1703 E 21ST ST,30.28134184,-97.7232179,2,2025-06-27,Expired,HOME (matched to Plan Review Case),high,,,,
804 GARNER AVE,30.25991397,-97.76596346,2,2025-06-30,Final,"HOME Phase 1 (inferred, 2-3 unit)",medium,,,,
8403 MESA DR,30.37635792,-97.75392131,2,2025-07-01,Final,"HOME Phase 1 (inferred, 2-3 unit)",medium,,,,
1505 W BRAKER LN BLDG A,30.3876986,-97.69941957,1,2025-07-01,Active,"HOME Phase 2 (inferred, small lot)",medium,,,,
3205 E 16TH ST,,,1,2025-07-02,Final,"HOME Phase 2 (inferred, small lot)",medium,,,,
1702 PENNSYLVANIA AVE,30.27167954,-97.72104244,1,2025-07-06,Final,"HOME Phase 2 (inferred, small lot)",medium,,,,
1800 NICKERSON ST,30.2456821,-97.750145,1,2025-07-14,Final,"HOME Phase 2 (inferred, small lot)",medium,,,,
4609 SARA DR,30.27145844,-97.69054375,1,2025-07-14,Final,HOME (matched to Plan Review Case),high,,,,
6706 CRUZ ST,30.22809603,-97.69627212,1,2025-07-14,Active,"HOME Phase 2 (inferred, small lot)",medium,,,,
1415 RAMBLING ROSE RD,30.18592561,-97.80928422,2,2025-07-16,Final,HOME (matched to Plan Review Case),high,,,,
804 WALLER ST,30.26687888,-97.7301677,1,2025-07-23,Active,"HOME Phase 2 (inferred, small lot)",medium,,,,
913 CAPITOL CT BLDG 1,30.31901769,-97.73344347,1,2025-07-23,Final,"HOME Phase 2 (inferred, small lot)",medium,,,,
93 SAN SABA ST,30.25334345,-97.71554139,1,2025-07-24,Active,"HOME Phase 2 (inferred, small lot)",medium,,,,
1204 MARCY ST BLDG 1B,30.22663703,-97.77912704,2,2025-07-28,Active,HOME (matched to Plan Review Case),high,,,,
1204 MARCY ST BLDG 2,30.22663703,-97.77912704,1,2025-07-28,Active,HOME (matched to Plan Review Case),high,,,,
1100 OLIVE ST,30.27090616,-97.72804069,1,2025-07-29,Final,"HOME Phase 2 (inferred, small lot)",medium,,,,
2007 E 9TH ST,,,1,2025-07-30,Final,"HOME Phase 2 (inferred, small lot)",medium,,,,
1904 E 9TH ST,,,1,2025-08-01,Final,"HOME Phase 2 (inferred, small lot)",medium,,,,
1205 W 10TH ST,30.27639772,-97.75533109,1,2025-08-06,Final,"HOME Phase 2 (inferred, small lot)",medium,,,,
1613 W 10TH ST,30.27942402,-97.76098912,1,2025-08-11,Final,"HOME Phase 2 (inferred, small lot)",medium,,,,
607 TILLERY ST BLDG 2,,,1,2025-08-12,Active,HOME (matched to Plan Review Case),high,,,,
607 TILLERY ST BLDG 1,,,1,2025-08-12,Active,HOME (matched to Plan Review Case),high,,,,
607 TILLERY ST BLDG 3,,,1,2025-08-12,Active,HOME (matched to Plan Review Case),high,,,,
6706 CRUZ ST,30.22809603,-97.69627212,1,2025-08-13,Active,"HOME Phase 2 (inferred, small lot)",medium,,,,
2103 GREENWOOD AVE BLDG 2 UNIT B,30.28591172,-97.69842899,1,2025-08-20,Final,HOME (matched to Plan Review Case),high,,,,
1801 VISTA LN,30.29165685,-97.76589559,1,2025-08-20,Final,HOME (matched to Plan Review Case),high,,,,
1801 VISTA LN,30.29165685,-97.76589559,1,2025-08-20,Final,HOME (matched to Plan Review Case),high,,,,
1711 S 5TH ST,30.24973859,-97.76093093,1,2025-08-26,Expired,"HOME Phase 2 (inferred, small lot)",medium,,,,
609 W 31ST HALF ST,30.29840111,-97.74172931,1,2025-08-26,Expired,"HOME Phase 2 (inferred, small lot)",medium,,,,
5804 1/2 W SLAUGHTER LN,30.20153188,-97.87694191,1,2025-09-02,Final,,,"SB840 (possible, has overlay -- verify)",medium,,
2213 POQUITO ST,30.28373815,-97.72096012,67,2025-09-02,Final,,,"SB840 (possible, has overlay -- verify)",medium,,
2401 LAKE AUSTIN BLVD,30.27786674,-97.77290738,1,2025-09-03,Final,,,"SB840 (possible, has overlay -- verify)",medium,,
601 E ST JOHNS AVE,30.33330956,-97.70690973,1,2025-09-08,Final,,,"SB840 (possible, has overlay -- verify)",medium,,
412 1/2 STERZING ST,30.26487718,-97.76357558,1,2025-09-08,Expired,,,"SB840 (possible, has overlay -- verify)",medium,,
501 W STASSNEY LN,30.20752963,-97.78031621,1,2025-09-08,Expired,,,"SB840 (possible, has overlay -- verify)",medium,,
1804 E 22ND ST BLDG 1,30.28290975,-97.7224181,1,2025-09-08,Active,HOME (matched to Plan Review Case),high,,,,
2511 HARRIS BLVD,30.29390059,-97.75559253,2,2025-09-09,Active,"HOME Phase 1 (inferred, 2-3 unit)",medium,,,,
5700 S MOPAC EXPY SB BLDG E UNIT 510,30.22898339,-97.83041163,1,2025-09-09,Final,,,"SB840 (possible, has overlay -- verify)",medium,,
3909 N IH 35 SVRD NB,30.29622061,-97.71765563,1,2025-09-09,Final,,,"SB840 (possible, has overlay -- verify)",medium,,
1301 W 38TH ST,30.30559937,-97.7465252,1,2025-09-10,Active,,,"SB840 (possible, has overlay -- verify)",medium,,
1805 S 1ST ST,30.24698433,-97.75580908,1,2025-09-10,Final,,,"SB840 (possible, has overlay -- verify)",medium,,
1418 E 51ST ST,,,1,2025-09-12,Active,,,"SB840 (possible, has overlay -- verify)",medium,,
2917 1/2 GUADALUPE ST,30.29566908,-97.74209109,1,2025-09-12,Active,,,"SB840 (possible, has overlay -- verify)",medium,,
48 WALLER ST,30.25518307,-97.73497857,1,2025-09-12,Final,HOME (matched to Plan Review Case),high,,,,
7601 BURNET RD,,,1,2025-09-15,Active,,,"SB840 (possible, has overlay -- verify)",medium,,
6506 BURNET RD,,,1,2025-09-15,Final,,,"SB840 (possible, has overlay -- verify)",medium,,
6317 FM 2244 RD BLDG 3 UNIT 310,30.29636981,-97.83218847,1,2025-09-15,Final,,,"SB840 (possible, has overlay -- verify)",medium,,
1132 1/2 AIRPORT BLVD,,,1,2025-09-15,Expired,,,"SB840 (possible, has overlay -- verify)",medium,,
801 W 29TH ST,30.29636698,-97.74518793,1,2025-09-15,Expired,,,"SB840 (possible, has overlay -- verify)",medium,,
5701 W SLAUGHTER LN BLDG E,30.20016505,-97.86850071,1,2025-09-16,Active,,,"SB840 (possible, has overlay -- verify)",medium,,
1320 ART DILLY DR BLDG 1,,,1,2025-09-16,Expired,,,"SB840 (possible, has overlay -- verify)",medium,,
1157 NICKOLS AVE,30.2766129,-97.68456247,1,2025-09-17,Final,"HOME Phase 2 (inferred, small lot)",medium,,,,
3207 E 16TH ST,,,1,2025-09-17,Final,"HOME Phase 2 (inferred, small lot)",medium,,,,
12971 N US 183 HWY SVRD NB,30.43757738,-97.77492033,1,2025-09-17,Final,,,"SB840 (possible, has overlay -- verify)",medium,,
1124 CLAYTON LN,30.31787155,-97.70033017,227,2025-09-17,Active,,,"SB840 (possible, has overlay -- verify)",medium,,
1157 NICKOLS AVE,30.2766129,-97.68456247,1,2025-09-17,Final,"HOME Phase 2 (inferred, small lot)",medium,,,,
6101 HIGHLAND CAMPUS DR BLDG 2000,30.32574912,-97.71391613,1,2025-09-17,Expired,,,"SB840 (possible, has overlay -- verify)",medium,,
1157 NICKOLS AVE,30.2766129,-97.68456247,1,2025-09-17,Final,"HOME Phase 2 (inferred, small lot)",medium,,,,
1340 AIRPORT COMMERCE DR BLDG 4 UNIT 470,30.22428901,-97.68704573,1,2025-09-18,Final,,,"SB840 (possible, has overlay -- verify)",medium,,
1030 NORWOOD PARK BLVD,30.33915243,-97.69116575,1,2025-09-18,Final,,,"SB840 (possible, has overlay -- verify)",medium,,
1824 W SLAUGHTER LN,30.17408711,-97.82222335,1,2025-09-18,Active,,,"SB840 (possible, has overlay -- verify)",medium,,
915 W JOHANNA ST,30.2471819,-97.76263047,1,2025-09-19,Active,"HOME Phase 2 (inferred, small lot)",medium,,,,
4207 RIVER PLACE BLVD,30.36927321,-97.86062634,1,2025-09-22,Final,,,"SB840 (possible, has overlay -- verify)",medium,,
8413 SOUTHWEST PKWY BLDG 1,30.25998598,-97.88571963,94,2025-09-22,Active,,,"SB840 (possible, has overlay -- verify)",medium,,
8413 SOUTHWEST PKWY BLDG 8,30.25998598,-97.88571963,44,2025-09-22,Active,,,"SB840 (possible, has overlay -- verify)",medium,,
8413 SOUTHWEST PKWY BLDG 2,30.25998598,-97.88571963,35,2025-09-22,Active,,,"SB840 (possible, has overlay -- verify)",medium,,
8413 SOUTHWEST PKWY BLDG 7,30.25998598,-97.88571963,53,2025-09-22,Active,,,"SB840 (possible, has overlay -- verify)",medium,,
8413 SOUTHWEST PKWY BLDG 6,30.25998598,-97.88571963,98,2025-09-22,Active,,,"SB840 (possible, has overlay -- verify)",medium,,
8413 SOUTHWEST PKWY BLDG 3,30.25998598,-97.88571963,37,2025-09-22,Active,,,"SB840 (possible, has overlay -- verify)",medium,,
8413 SOUTHWEST PKWY BLDG 5,30.25998598,-97.88571963,36,2025-09-22,Active,,,"SB840 (possible, has overlay -- verify)",medium,,
8413 SOUTHWEST PKWY BLDG 4,30.25998598,-97.88571963,47,2025-09-22,Active,,,"SB840 (possible, has overlay -- verify)",medium,,
907 E 53RD ST,30.31310058,-97.71353037,1,2025-09-23,Final,"HOME Phase 2 (inferred, small lot)",medium,,,,
2817 W ANDERSON LN,30.35884037,-97.73753325,1,2025-09-23,Final,,,"SB840 (possible, has overlay -- verify)",medium,,
2603 SOL WILSON AVE,30.27486327,-97.70538181,1,2025-09-23,Final,HOME (matched to Plan Review Case),high,,,,
300 WEST AVE,30.26809089,-97.75173802,1,2025-09-23,Final,,,"SB840 (possible, has overlay -- verify)",medium,,
9300 S IH 35 SVRD SB,,,1,2025-09-23,Expired,,,"SB840 (possible, has overlay -- verify)",medium,,
1807 E CESAR CHAVEZ ST,30.25715743,-97.72507875,1,2025-09-23,Final,,,"SB840 (possible, has overlay -- verify)",medium,,
9000 1/2 S CONGRESS AVE,30.16853784,-97.78883838,1,2025-09-23,Expired,,,"SB840 (possible, has overlay -- verify)",medium,,
6401 BURNET LN,30.33871107,-97.73878198,1,2025-09-25,Expired,,,"SB840 (possible, has overlay -- verify)",medium,,
2001 WINSTED LN,30.29051485,-97.76161262,2,2025-09-26,Final,"HOME Phase 1 (inferred, 2-3 unit)",medium,,,,
1301 1/2 SHOAL CREEK BLVD,30.27909523,-97.74956774,2,2025-09-26,Active,"HOME Phase 1 (inferred, 2-3 unit)",medium,,,,
1407 E 3RD ST,,,1,2025-09-29,Final,"HOME Phase 2 (inferred, small lot)",medium,,,,
742 NORTHWESTERN AVE,30.26252739,-97.71395216,1,2025-09-29,Final,,,"SB840 (possible, has overlay -- verify)",medium,,
1507 W NORTH LOOP BLVD,30.32490804,-97.73787865,1,2025-09-30,Final,,,"SB840 (possible, has overlay -- verify)",medium,,
919 WEST LYNN ST,30.27864672,-97.7599451,1,2025-09-30,Active,"HOME Phase 2 (inferred, small lot)",medium,,,,
5027 MANOR RD,,,1,2025-10-01,Withdrawn,,,"SB840 (possible, has overlay -- verify)",medium,,
3624 NORTH HILLS DR BLDG D UNIT 101,30.35274306,-97.75718498,6,2025-10-01,Final,,,"SB840 (by-right, no overlay/case on record)",high,,
3624 NORTH HILLS DR BLDG C UNIT 101,30.35274306,-97.75718498,6,2025-10-01,Final,,,"SB840 (by-right, no overlay/case on record)",high,,
1600 S CONGRESS AVE,30.24788615,-97.75060556,1,2025-10-03,Active,,,"SB840 (possible, has overlay -- verify)",medium,,
10610 1/2 MOTHERAL DR,30.3752091,-97.68939118,1,2025-10-03,Active,,,"SB840 (possible, has overlay -- verify)",medium,,
2501 1/2 N LAMAR BLVD,30.29030839,-97.7509346,1,2025-10-03,Expired,,,"SB840 (possible, has overlay -- verify)",medium,,
640 ALLEN ST,30.25740874,-97.70480821,3,2025-10-06,Active,,,"SB840 (possible, has overlay -- verify)",medium,,
4700 GROVER AVE,30.31762193,-97.73812852,1,2025-10-06,Final,,,"SB840 (possible, has overlay -- verify)",medium,,
640 ALLEN ST,30.25740874,-97.70480821,3,2025-10-06,Active,,,"SB840 (possible, has overlay -- verify)",medium,,
2801 S LAMAR BLVD,30.2435883,-97.78180519,1,2025-10-06,Final,,,"SB840 (possible, has overlay -- verify)",medium,,
1307 W WELLS BRANCH PKWY,30.43962048,-97.66216372,1,2025-10-06,Final,,,"SB840 (possible, has overlay -- verify)",medium,,
640 ALLEN ST,30.25740874,-97.70480821,3,2025-10-06,Active,,,"SB840 (possible, has overlay -- verify)",medium,,
5901 S PLEASANT VALLEY RD,,,75,2025-10-07,Active,,,"SB840 (possible, has overlay -- verify)",medium,,
911 POST OAK ST,30.25805171,-97.75553897,1,2025-10-07,Active,"HOME Phase 2 (inferred, small lot)",medium,,,,
2730 E 7TH ST,30.2606626,-97.70978257,137,2025-10-08,Active,,,"SB840 (possible, has overlay -- verify)",medium,,
2730 E 7TH ST,30.2606626,-97.70978257,90,2025-10-08,Active,,,"SB840 (possible, has overlay -- verify)",medium,,
2730 E 7TH ST,30.2606626,-97.70978257,43,2025-10-08,Active,,,"SB840 (possible, has overlay -- verify)",medium,,
3124 FATHER JOE ZNOTAS ST,30.26868969,-97.70127546,1,2025-10-08,Final,"HOME Phase 2 (inferred, small lot)",medium,,,,
2730 E 7TH ST,30.2606626,-97.70978257,105,2025-10-08,Active,,,"SB840 (possible, has overlay -- verify)",medium,,
2915 E CESAR CHAVEZ ST,30.25179227,-97.71137316,48,2025-10-09,Active,,,"SB840 (possible, has overlay -- verify)",medium,,
2915 E CESAR CHAVEZ ST,30.25179227,-97.71137316,48,2025-10-09,Active,,,"SB840 (possible, has overlay -- verify)",medium,,
2915 E CESAR CHAVEZ ST,30.25179227,-97.71137316,86,2025-10-09,Active,,,"SB840 (possible, has overlay -- verify)",medium,,
2915 E CESAR CHAVEZ ST,30.25179227,-97.71137316,60,2025-10-09,Active,,,"SB840 (possible, has overlay -- verify)",medium,,
2915 E CESAR CHAVEZ ST,30.25179227,-97.71137316,39,2025-10-09,Active,,,"SB840 (possible, has overlay -- verify)",medium,,
2915 E CESAR CHAVEZ ST,30.25179227,-97.71137316,28,2025-10-09,Active,,,"SB840 (possible, has overlay -- verify)",medium,,
7101 BURNET RD,,,1,2025-10-13,Active,,,"SB840 (possible, has overlay -- verify)",medium,,
2202 TRAILSIDE DR BLDG B,30.25961247,-97.77261208,1,2025-10-13,Active,"HOME Phase 2 (inferred, small lot)",medium,,,,
1628 E CESAR CHAVEZ ST,30.25831675,-97.72758201,1,2025-10-13,Final,,,"SB840 (possible, has overlay -- verify)",medium,,
2500 DANA CV,30.25802929,-97.78632155,2,2025-10-13,Final,"HOME Phase 1 (inferred, 2-3 unit)",medium,,,,
7020 E US 290 HWY SVRD WB BLDG 2 UNIT D,30.32232429,-97.68523516,1,2025-10-13,Final,,,"SB840 (possible, has overlay -- verify)",medium,,
823 TILLERY ST,,,120,2025-10-14,Active,,,"SB840 (possible, has overlay -- verify)",medium,,
300 S LAMAR BLVD SB,30.26286872,-97.75860722,1,2025-10-14,Active,,,"SB840 (possible, has overlay -- verify)",medium,,
1103 BOULDIN AVE,30.25421873,-97.75640797,1,2025-10-14,Active,"HOME Phase 2 (inferred, small lot)",medium,,,,
5501 N LAMAR BLVD BLDG A UNIT 123,30.32316452,-97.72758391,1,2025-10-15,Final,,,"SB840 (possible, has overlay -- verify)",medium,,
1900 E HOWARD LN BLDG A UNIT 1,,,2,2025-10-15,Final,,,"SB840 (possible, has overlay -- verify)",medium,,
8402 COSMICO ST,30.23400594,-97.90139743,1,2025-10-16,Active,,,"SB840 (possible, has overlay -- verify)",medium,,
8416 COSMICO ST,30.23419267,-97.90181714,1,2025-10-16,Active,,,"SB840 (possible, has overlay -- verify)",medium,,
8504 COSMICO ST,30.2343892,-97.90217327,1,2025-10-16,Active,,,"SB840 (possible, has overlay -- verify)",medium,,
8412 COSMICO ST,30.23413846,-97.90171399,1,2025-10-16,Active,,,"SB840 (possible, has overlay -- verify)",medium,,
8418 COSMICO ST,30.23422405,-97.90187653,1,2025-10-16,Active,,,"SB840 (possible, has overlay -- verify)",medium,,
8414 COSMICO ST,30.23416422,-97.90176718,1,2025-10-16,Active,,,"SB840 (possible, has overlay -- verify)",medium,,
8408 COSMICO ST,30.23408066,-97.90156658,1,2025-10-16,Active,,,"SB840 (possible, has overlay -- verify)",medium,,
8404 COSMICO ST,30.23403457,-97.90145688,1,2025-10-16,Active,,,"SB840 (possible, has overlay -- verify)",medium,,
8502 COSMICO ST,30.23434975,-97.90212359,1,2025-10-16,Active,,,"SB840 (possible, has overlay -- verify)",medium,,
8506 COSMICO ST,30.23441771,-97.9022264,1,2025-10-16,Active,,,"SB840 (possible, has overlay -- verify)",medium,,
8406 COSMICO ST,30.23406583,-97.90150994,1,2025-10-16,Active,,,"SB840 (possible, has overlay -- verify)",medium,,
8420 COSMICO ST,30.23424988,-97.90193289,1,2025-10-16,Active,,,"SB840 (possible, has overlay -- verify)",medium,,
8410 COSMICO ST,30.23411264,-97.90165763,1,2025-10-16,Active,,,"SB840 (possible, has overlay -- verify)",medium,,
8500 COSMICO ST,30.23431306,-97.90207383,1,2025-10-16,Active,,,"SB840 (possible, has overlay -- verify)",medium,,
8422 COSMICO ST,30.23427307,-97.90199566,1,2025-10-16,Active,,,"SB840 (possible, has overlay -- verify)",medium,,
7901 FM 2222 RD,30.37789857,-97.80645459,1,2025-10-17,Active,,,"SB840 (possible, has overlay -- verify)",medium,,
111 MILDRED ST BLDG 3,30.25580583,-97.71881385,1,2025-10-20,Active,,,"SB840 (possible, has overlay -- verify)",medium,,
12005 TWEED CT,30.42514136,-97.74957224,1,2025-10-20,Active,,,"SB840 (possible, has overlay -- verify)",medium,,
2303 E 2ND ST BLDG 1,,,1,2025-10-20,Active,,,"SB840 (possible, has overlay -- verify)",medium,,
2301 E 2ND ST BLDG 1,30.25586146,-97.71857473,1,2025-10-20,Active,,,"SB840 (possible, has overlay -- verify)",medium,,
2806 SAN PEDRO ST,30.29397197,-97.74589553,2,2025-10-20,Active,HOME (matched to Plan Review Case),high,,,,
9001 1/2 OLD LAMPASAS TRL,30.42089665,-97.79751104,1,2025-10-20,Expired,,,"SB840 (possible, has overlay -- verify)",medium,,
2301 E 2ND ST BLDG 2,30.25586146,-97.71857473,1,2025-10-20,Active,,,"SB840 (possible, has overlay -- verify)",medium,,
2142 E 7TH ST,30.2619593,-97.71805156,2,2025-10-21,Final,,,"SB840 (possible, has overlay -- verify)",medium,,
4800 E 7TH ST,30.25521198,-97.69989089,1,2025-10-21,Final,,,"SB840 (possible, has overlay -- verify)",medium,,
1000 E 41ST ST BLDG L UNIT 400,30.30046387,-97.71965158,1,2025-10-21,Active,,,"SB840 (possible, has overlay -- verify)",medium,,
7825 BURNET RD,,,1,2025-10-22,Active,,,"SB840 (possible, has overlay -- verify)",medium,,
506 WEST AVE,30.26984493,-97.75115879,1,2025-10-22,Final,,,"SB840 (possible, has overlay -- verify)",medium,,
4400 STAGGERBRUSH RD,30.23363088,-97.83278071,1,2025-10-22,Active,,,"SB840 (possible, has overlay -- verify)",medium,,
5903 1/2 SOUTHWEST PKWY,30.24583793,-97.85109086,1,2025-10-22,Expired,,,"SB840 (possible, has overlay -- verify)",medium,,
500 1/2 W WILLIAM CANNON DR,30.19788109,-97.78553894,1,2025-10-22,Expired,,,"SB840 (possible, has overlay -- verify)",medium,,
1221 S LAMAR BLVD,30.25402534,-97.76238808,1,2025-10-22,Expired,,,"SB840 (possible, has overlay -- verify)",medium,,
8528 ADIRONDACK TRL,30.38386977,-97.76327222,2,2025-10-24,Final,"HOME Phase 1 (inferred, 2-3 unit)",medium,,,,
12406 SIMMENTAL DR,,,1,2025-10-27,Expired,,,"SB840 (possible, has overlay -- verify)",medium,,
1219 W 6TH ST,30.27320553,-97.7593455,1,2025-10-28,Final,,,"SB840 (possible, has overlay -- verify)",medium,,
9600 ESCARPMENT BLVD BLDG G,30.20267824,-97.87878087,1,2025-10-28,Expired,,,"SB840 (possible, has overlay -- verify)",medium,,
5800 W SLAUGHTER LN BLDG 2,30.20259804,-97.87675015,1,2025-10-28,Expired,,,"SB840 (possible, has overlay -- verify)",medium,,
3823 AIRPORT BLVD,,,1,2025-10-28,Final,,,"SB840 (possible, has overlay -- verify)",medium,,
2313 E 11TH ST BLDG 2,30.26543351,-97.71713365,1,2025-10-28,Active,"HOME Phase 2 (inferred, small lot)",medium,,,,
6111 N FM 620 RD BLDG A UNIT 200,,,1,2025-10-28,Final,,,"SB840 (possible, has overlay -- verify)",medium,,
2007 ARPDALE ST,30.2480245,-97.77752543,2,2025-10-29,Final,"HOME Phase 1 (inferred, 2-3 unit)",medium,,,,
6401 BURNET LN,30.33871107,-97.73878198,5,2025-10-30,Final,,,"SB840 (possible, has overlay -- verify)",medium,,
5242 N LAMAR BLVD,30.32105678,-97.72983783,1,2025-10-30,Final,,,"SB840 (possible, has overlay -- verify)",medium,,
1100 S LAMAR BLVD BLDG 2 UNIT 2140,30.25571158,-97.7625396,1,2025-10-30,Final,,,"SB840 (possible, has overlay -- verify)",medium,,
9600 ESCARPMENT BLVD BLDG H,30.20267824,-97.87878087,1,2025-10-30,Final,,,"SB840 (possible, has overlay -- verify)",medium,,
5900 W SLAUGHTER LN BLDG D,30.20131563,-97.87885982,1,2025-10-30,Final,,,"SB840 (possible, has overlay -- verify)",medium,,
5900 W SLAUGHTER LN BLDG C,30.20131563,-97.87885982,1,2025-10-30,Final,,,"SB840 (possible, has overlay -- verify)",medium,,
618 1/2 TILLERY ST,,,1,2025-10-30,Expired,,,"SB840 (possible, has overlay -- verify)",medium,,
1221 S MOPAC EXPY SVRD NB BLDG 3 UNIT 60B,30.26333282,-97.78636857,1,2025-11-04,Final,,,"SB840 (possible, has overlay -- verify)",medium,,
1801 LAVACA ST,,,1,2025-11-04,Final,,,"SB840 (by-right, no overlay/case on record)",high,,
1000 E 41ST ST,30.30046387,-97.71965158,1,2025-11-04,Final,,,"SB840 (possible, has overlay -- verify)",medium,,
1004 W 11TH ST,30.27637648,-97.75208999,1,2025-11-05,Final,,,"SB840 (possible, has overlay -- verify)",medium,,
11415 1/2 ZIMMERMAN LN,,,1,2025-11-06,Active,"HOME Phase 2 (inferred, small lot)",medium,,,,
817 W HOWARD LN,30.42069815,-97.66509369,1,2025-11-06,Final,,,"SB840 (possible, has overlay -- verify)",medium,,
8508 COSMICO ST,,,1,2025-11-06,Active,,,"SB840 (possible, has overlay -- verify)",medium,,
2218 RIVERVIEW ST,30.25018341,-97.7218806,1,2025-11-06,Active,"HOME Phase 2 (inferred, small lot)",medium,,,,
4420 N LAMAR BLVD,30.31332778,-97.73835813,1,2025-11-06,Final,,,"SB840 (possible, has overlay -- verify)",medium,,
2218 RIVERVIEW ST,30.25018341,-97.7218806,1,2025-11-06,Active,"HOME Phase 2 (inferred, small lot)",medium,,,,
95 CLARA ST,30.25424341,-97.71772515,1,2025-11-07,Expired,,,"SB840 (possible, has overlay -- verify)",medium,,
514 E LIVE OAK ST,30.24031588,-97.74849251,1,2025-11-10,Active,"HOME Phase 2 (inferred, small lot)",medium,,,,
910 CHOTE AVE,30.26112877,-97.69698573,2,2025-11-10,Active,"HOME Phase 1 (inferred, 2-3 unit)",medium,,,,
1100 S LAMAR BLVD BLDG 2 UNIT 2140,30.25571158,-97.7625396,1,2025-11-10,Final,,,"SB840 (possible, has overlay -- verify)",medium,,
1200 W HOWARD LN BLDG 1 UNIT N,30.42418877,-97.66974492,1,2025-11-11,Final,,,"SB840 (possible, has overlay -- verify)",medium,,
2303 E 2ND ST BLDG 2,,,1,2025-11-17,Active,,,"SB840 (possible, has overlay -- verify)",medium,,
2001 S LAMAR BLVD,30.248879,-97.76730226,2,2025-11-17,Final,,,"SB840 (possible, has overlay -- verify)",medium,,
2303 E 2ND ST BLDG 3,30.25586689,-97.71857141,1,2025-11-17,Active,,,"SB840 (possible, has overlay -- verify)",medium,,
111 MILDRED ST BLDG 2,,,1,2025-11-17,Active,,,"SB840 (possible, has overlay -- verify)",medium,,
4211 S LAMAR BLVD NB BLDG A UNIT 9,30.23424542,-97.79259308,1,2025-11-17,Final,,,"SB840 (possible, has overlay -- verify)",medium,,
2701 S LAMAR BLVD,30.24426143,-97.77969988,1,2025-11-17,Expired,,,"SB840 (possible, has overlay -- verify)",medium,,
3435 PARKER LN,30.21976589,-97.74279725,1,2025-11-17,Active,,,"SB840 (possible, has overlay -- verify)",medium,,
111 MILDRED ST BLDG 1,,,1,2025-11-17,Active,,,"SB840 (possible, has overlay -- verify)",medium,,
2400 S CONGRESS AVE,30.23882348,-97.75454765,1,2025-11-18,Active,,,"SB840 (possible, has overlay -- verify)",medium,,
12345 N LAMAR BLVD BLDG 1 UNIT 125,30.40448493,-97.67744137,1,2025-11-18,Final,,,"SB840 (possible, has overlay -- verify)",medium,,
11723 N FM 620 RD,,,1,2025-11-18,Final,,,"SB840 (possible, has overlay -- verify)",medium,,
1900 E HOWARD LN BLDG E,,,1,2025-11-18,Final,,,"SB840 (possible, has overlay -- verify)",medium,,
2212 CANTERBURY ST,30.25379313,-97.72045872,1,2025-11-18,Final,HOME (matched to Plan Review Case),high,,,,
2212 CANTERBURY ST,30.25379313,-97.72045872,1,2025-11-18,Final,HOME (matched to Plan Review Case),high,,,,
10901 N LAMAR BLVD BLDG C UNIT 309,30.37829667,-97.6877363,1,2025-11-18,Final,,,"SB840 (possible, has overlay -- verify)",medium,,
4300 N LAMAR BLVD,30.31170614,-97.73922593,1,2025-11-18,Final,,,"SB840 (possible, has overlay -- verify)",medium,,
12345 N LAMAR BLVD BLDG 1 UNIT 135,30.40448493,-97.67744137,1,2025-11-18,Final,,,"SB840 (possible, has overlay -- verify)",medium,,
7400 S CONGRESS AVE,30.18525407,-97.78261747,1,2025-11-19,Active,,,"SB840 (possible, has overlay -- verify)",medium,,
1300 MC KIE DR BLDG 2,30.33069981,-97.69246573,2,2025-11-19,Active,HOME (matched to Plan Review Case),high,,,,
1300 MC KIE DR BLDG 5,30.33069981,-97.69246573,2,2025-11-19,Active,HOME (matched to Plan Review Case),high,,,,
13609 N IH 35 SVRD NB BLDG 9,30.42236302,-97.66976998,1,2025-11-20,Active,,,"SB840 (possible, has overlay -- verify)",medium,,
1900 E HOWARD LN BLDG A UNIT 1,,,1,2025-11-20,Final,,,"SB840 (possible, has overlay -- verify)",medium,,
1323 S CONGRESS AVE,30.25027678,-97.74913506,1,2025-11-21,Final,,,"SB840 (possible, has overlay -- verify)",medium,,
802 WAYSIDE DR,30.28337694,-97.77366122,2,2025-11-21,Final,"HOME Phase 1 (inferred, 2-3 unit)",medium,,,,
3601 S CONGRESS AVE BLDG F,30.2268396,-97.76025496,2,2025-11-24,Final,,,"SB840 (possible, has overlay -- verify)",medium,,
501 E STASSNEY LN,30.20184665,-97.77187298,1,2025-11-24,Final,,,"SB840 (possible, has overlay -- verify)",medium,,
1608 SYLVAN GLADE,30.2245289,-97.78651455,1,2025-11-24,Final,HOME (matched to Plan Review Case),high,,,,
5501 N LAMAR BLVD BLDG A UNIT 121,,,1,2025-11-24,Final,,,"SB840 (possible, has overlay -- verify)",medium,,
1221 W BEN WHITE BLVD SVRD EB BLDG B UNIT 112,30.22697768,-97.77869363,2,2025-11-24,Final,,,"SB840 (by-right, no overlay/case on record)",high,,
1608 SYLVAN GLADE,30.2245289,-97.78651455,1,2025-11-24,Final,HOME (matched to Plan Review Case),high,,,,
2803 SAN JACINTO BLVD,,,1,2025-11-25,Active,,,"SB840 (possible, has overlay -- verify)",medium,,
3200 1/2 RED RIVER ST,,,1,2025-11-25,Expired,,,"SB840 (possible, has overlay -- verify)",medium,,
1813 E 38TH HALF ST BLDG 1 UNIT 1B,,,1,2025-11-26,Active,HOME (matched to Plan Review Case),high,,,,
1813 E 38TH HALF ST BLDG 1 UNIT 1A,,,1,2025-11-26,Final,HOME (matched to Plan Review Case),high,,,,
813 W OLTORF ST,30.24303438,-97.76290243,1,2025-11-26,Active,"HOME Phase 2 (inferred, small lot)",medium,,,,
1813 E 38TH HALF ST BLDG 2,,,1,2025-11-26,Active,HOME (matched to Plan Review Case),high,,,,
1614 SUFFOLK DR,30.30799478,-97.69657393,2,2025-11-30,Active,HOME (matched to Plan Review Case),high,,,,
10037 MENCHACA RD BLDG 1,,,1,2025-12-01,Active,,,"SB840 (possible, has overlay -- verify)",medium,,
10037 MENCHACA RD BLDG 2,,,1,2025-12-01,Active,,,"SB840 (possible, has overlay -- verify)",medium,,
6101 HIGHLAND CAMPUS DR BLDG 3000,30.32574912,-97.71391613,2,2025-12-01,Final,,,"SB840 (possible, has overlay -- verify)",medium,,
5812 BERKMAN DR,,,1,2025-12-01,Active,,,"SB840 (possible, has overlay -- verify)",medium,,
6410 FM 969 RD,30.2850985,-97.65969597,80,2025-12-01,Active,,,"SB840 (possible, has overlay -- verify)",medium,,
6101 HIGHLAND CAMPUS DR BLDG 3000,30.32574912,-97.71391613,2,2025-12-01,Active,,,"SB840 (possible, has overlay -- verify)",medium,,
7415 MENCHACA RD,30.19666499,-97.80884218,1,2025-12-03,Active,,,"SB840 (possible, has overlay -- verify)",medium,,
4315 JAMES CASEY ST BLDG STOR,30.22364547,-97.77448092,1,2025-12-03,Final,,,"SB840 (possible, has overlay -- verify)",medium,,
9300 S IH 35 SVRD SB BLDG F,,,1,2025-12-03,Final,,,"SB840 (possible, has overlay -- verify)",medium,,
8701 MENCHACA RD BLDG 1 UNIT 102,30.18508663,-97.8162613,1,2025-12-04,Final,,,"SB840 (possible, has overlay -- verify)",medium,,
11415 1/2 ZIMMERMAN LN,,,1,2025-12-04,Active,"HOME Phase 2 (inferred, small lot)",medium,,,,
310 W 2ND ST,,,1,2025-12-04,Expired,,,"SB840 (possible, has overlay -- verify)",medium,,
2811 E 5TH ST,30.2562469,-97.71078964,1,2025-12-04,Active,,,"SB840 (possible, has overlay -- verify)",medium,,
10901 N LAMAR BLVD BLDG A UNIT 114,30.37829667,-97.6877363,1,2025-12-04,Final,,,"SB840 (possible, has overlay -- verify)",medium,,
13642 N US 183 HWY SVRD SB BLDG 3,,,1,2025-12-05,Active,,,"SB840 (possible, has overlay -- verify)",medium,,
11001 LAKELINE BLVD BLDG 1 UNIT 300,30.4800554,-97.7945502,2,2025-12-08,Final,,,"SB840 (possible, has overlay -- verify)",medium,,
1004 W 11TH ST,30.27637648,-97.75208999,1,2025-12-08,Final,,,"SB840 (possible, has overlay -- verify)",medium,,
3813 WADFORD ST,30.22501809,-97.76391397,1,2025-12-08,Active,,,"SB840 (possible, has overlay -- verify)",medium,,
3413 GONZALES ST,30.25780157,-97.70290926,2,2025-12-09,Final,,,"SB840 (possible, has overlay -- verify)",medium,,
8100 S CONGRESS AVE BLDG GAR,30.17794774,-97.78530161,1,2025-12-09,Final,,,"SB840 (possible, has overlay -- verify)",medium,,
7002 N FM 620 RD,,,1,2025-12-09,Final,,,"SB840 (possible, has overlay -- verify)",medium,,
7320 BURNET RD,,,1,2025-12-10,Active,,,"SB840 (possible, has overlay -- verify)",medium,,
1191 COMAL ST,30.27248868,-97.72349846,1,2025-12-10,Active,"HOME Phase 2 (inferred, small lot)",medium,,,,
7320 BURNET RD,,,1,2025-12-10,Active,,,"SB840 (possible, has overlay -- verify)",medium,,
12707 N MOPAC EXPY SVRD NB,30.42302466,-97.69996489,1,2025-12-10,Active,,,"SB840 (possible, has overlay -- verify)",medium,,
300 FERGUSON DR BLDG 5,30.37632539,-97.68510677,1,2025-12-10,Final,,,"SB840 (possible, has overlay -- verify)",medium,,
1520 E RUNDBERG LN,,,1,2025-12-11,Active,,,"SB840 (possible, has overlay -- verify)",medium,,
3601 S CONGRESS AVE BLDG J,30.2268396,-97.76025496,1,2025-12-11,Final,,,"SB840 (possible, has overlay -- verify)",medium,,
1907 E 9TH ST BLDG 2,,,2,2025-12-11,Active,"HOME Phase 1 (inferred, 2-3 unit)",medium,,,,
2246 GUADALUPE ST,30.28613958,-97.7421124,2,2025-12-11,Final,,,"SB840 (possible, has overlay -- verify)",medium,,
11410 JOLLYVILLE RD BLDG 1,,,2,2025-12-15,Final,,,"SB840 (possible, has overlay -- verify)",medium,,
811 W LIVE OAK ST BLDG A,30.24491587,-97.76236768,1,2025-12-15,Active,,,"SB840 (possible, has overlay -- verify)",medium,,
5718 E MARTIN LUTHER KING JR BLVD,30.28651026,-97.66778898,1,2025-12-15,Active,,,"SB840 (possible, has overlay -- verify)",medium,,
1517 KRAMER LN,30.38441929,-97.70179008,1,2025-12-15,Expired,,,"SB840 (possible, has overlay -- verify)",medium,,
710 E BEN WHITE BLVD SVRD WB,30.2200027,-97.75439457,1,2025-12-15,Final,,,"SB840 (possible, has overlay -- verify)",medium,,
11112 S IH 35 SVRD SB,,,1,2025-12-17,Active,,,"SB840 (possible, has overlay -- verify)",medium,,
11112 S IH 35 SVRD SB,,,1,2025-12-17,Active,,,"SB840 (possible, has overlay -- verify)",medium,,
11112 S IH 35 SVRD SB,,,1,2025-12-17,Active,,,"SB840 (possible, has overlay -- verify)",medium,,
9300 NEENAH AVE,,,1,2025-12-18,Active,,,"SB840 (possible, has overlay -- verify)",medium,,
1213 W ANDERSON LN,30.34994552,-97.71843451,1,2025-12-18,Active,,,"SB840 (possible, has overlay -- verify)",medium,,
9921 E US 290 HWY SVRD EB BLDG 1 UNIT 100,30.33528227,-97.59750813,1,2025-12-18,Active,,,"SB840 (possible, has overlay -- verify)",medium,,
3515 WEBBERVILLE RD,,,1,2025-12-19,Expired,,,"SB840 (possible, has overlay -- verify)",medium,,
3100 S CONGRESS AVE BLDG 1 UNIT F,30.23180448,-97.75932452,1,2025-12-19,Final,,,"SB840 (possible, has overlay -- verify)",medium,,
1302 S 1ST ST,30.25146957,-97.75455205,1,2025-12-19,Final,,,"SB840 (possible, has overlay -- verify)",medium,,
1307 E BRAKER LN BLDG 2,,,1,2025-12-19,Active,,,"SB840 (possible, has overlay -- verify)",medium,,
3632 S CONGRESS AVE,30.22660988,-97.76223738,1,2025-12-19,Active,,,"SB840 (possible, has overlay -- verify)",medium,,
4402 S CONGRESS AVE,30.21736858,-97.767848,1,2025-12-20,Active,,,"SB840 (possible, has overlay -- verify)",medium,,
817 W HOWARD LN BLDG A,30.42069815,-97.66509369,1,2025-12-22,Active,,,"SB840 (possible, has overlay -- verify)",medium,,
4716 E 5TH ST,30.25355794,-97.70184635,1,2025-12-22,Expired,,,"SB840 (possible, has overlay -- verify)",medium,,
4716 E 5TH ST,30.25355794,-97.70184635,1,2025-12-22,Active,,,"SB840 (possible, has overlay -- verify)",medium,,
2915 E CESAR CHAVEZ ST,30.25179227,-97.71137316,1,2025-12-22,Active,,,"SB840 (possible, has overlay -- verify)",medium,,
5111 BURNET RD,,,1,2025-12-22,Final,,,"SB840 (possible, has overlay -- verify)",medium,,
817 W HOWARD LN BLDG B,30.42069815,-97.66509369,1,2025-12-22,Active,,,"SB840 (possible, has overlay -- verify)",medium,,
2246 GUADALUPE ST,30.28613958,-97.7421124,1,2025-12-26,Final,,,"SB840 (possible, has overlay -- verify)",medium,,
809 JOHNNY LIMON WAY,30.25280484,-97.68771518,1,2025-12-29,Active,HOME (matched to Plan Review Case),high,,,,
805 JOHNNY LIMON WAY,30.25264292,-97.68773228,1,2025-12-29,Active,HOME (matched to Plan Review Case),high,,,,
801 JOHNNY LIMON WAY,30.25247557,-97.68775271,1,2025-12-29,Active,HOME (matched to Plan Review Case),high,,,,
4812 GONZALES ST BLDG GAR,,,1,2025-12-29,Active,,,"SB840 (possible, has overlay -- verify)",medium,,
2324 S LAMAR BLVD BLDG 1,30.24756787,-97.77586807,1,2026-01-02,Active,,,"SB840 (possible, has overlay -- verify)",medium,,
5811 BERKMAN DR BLDG H,,,1,2026-01-02,Active,,,"SB840 (possible, has overlay -- verify)",medium,,
2607 S 1ST ST,30.2390134,-97.7612578,1,2026-01-02,Active,,,"SB840 (possible, has overlay -- verify)",medium,,
1505 W BRAKER LN BLDG B,30.3876986,-97.69941957,1,2026-01-05,Active,"HOME Phase 2 (inferred, small lot)",medium,,,,
9500 S IH 35 SVRD SB BLDG K,,,1,2026-01-05,Final,,,"SB840 (possible, has overlay -- verify)",medium,,
3702 MEREDITH ST,30.29971991,-97.77961756,2,2026-01-05,Active,"HOME Phase 1 (inferred, 2-3 unit)",medium,,,,
166 W SLAUGHTER LN,30.16754737,-97.79186506,1,2026-01-06,Active,,,"SB840 (possible, has overlay -- verify)",medium,,
2416 VISTA LN,30.29510288,-97.76506545,2,2026-01-06,Active,"HOME Phase 1 (inferred, 2-3 unit)",medium,,,,
1111 W 6TH ST BLDG A UNIT 420,30.27207507,-97.75605807,1,2026-01-06,Final,,,"SB840 (possible, has overlay -- verify)",medium,,
913 CAPITOL CT BLDG 2,30.31901769,-97.73344347,1,2026-01-07,Final,"HOME Phase 2 (inferred, small lot)",medium,,,,
2001 MELRIDGE PL BLDG 5,,,1,2026-01-07,Active,HOME (matched to Plan Review Case),high,,,,
2001 MELRIDGE PL BLDG 6,,,1,2026-01-07,Active,HOME (matched to Plan Review Case),high,,,,
2001 MELRIDGE PL BLDG 4,,,1,2026-01-07,Active,HOME (matched to Plan Review Case),high,,,,
9001 BRODIE LN BLDG C UNIT 6,30.1939576,-97.84262806,1,2026-01-09,Final,,,"SB840 (possible, has overlay -- verify)",medium,,
2113 WILSON ST,,,1,2026-01-12,Active,"HOME Phase 2 (inferred, small lot)",medium,,,,
2805 BONNIE RD BLDG 1,,,1,2026-01-12,Active,HOME (matched to Plan Review Case),high,,,,
2805 BONNIE RD BLDG 2,,,1,2026-01-12,Active,HOME (matched to Plan Review Case),high,,,,
1660 E 51ST ST,,,1,2026-01-13,Final,,,"SB840 (possible, has overlay -- verify)",medium,,
83 SAN SABA ST,30.25241629,-97.71593085,1,2026-01-14,Active,"HOME Phase 2 (inferred, small lot)",medium,,,,
4701 WEST GATE BLVD BLDG E,30.22868908,-97.80088844,1,2026-01-14,Final,,,"SB840 (possible, has overlay -- verify)",medium,,
1300 MC KIE DR BLDG 1,30.33069981,-97.69246573,1,2026-01-14,On Hold,HOME (matched to Plan Review Case),high,,,,
407 TILLERY ST,,,1,2026-01-15,Final,,,"SB840 (possible, has overlay -- verify)",medium,,
1714 E PARMER LN BLDG A,,,1,2026-01-16,Active,,,"SB840 (possible, has overlay -- verify)",medium,,
12901 N IH 35 SVRD NB BLDG 21,30.41525799,-97.67013132,1,2026-01-19,Final,,,"SB840 (possible, has overlay -- verify)",medium,,
1610 W NORTH LOOP BLVD,30.32595562,-97.73908694,1,2026-01-20,Expired,,,"SB840 (possible, has overlay -- verify)",medium,,
4604 DEPEW AVE,30.30615232,-97.71779851,1,2026-01-22,Final,"HOME Phase 2 (inferred, small lot)",medium,,,,
1204 CANTERBURY ST,30.25840084,-97.73266789,2,2026-01-22,Final,"HOME Phase 1 (inferred, 2-3 unit)",medium,,,,
1307 E 30TH ST,30.28664033,-97.72112243,1,2026-01-22,Final,"HOME Phase 2 (inferred, small lot)",medium,,,,
1712 S CONGRESS AVE,30.24666552,-97.75104052,1,2026-01-23,Final,,,"SB840 (possible, has overlay -- verify)",medium,,
10600 BECKWOOD DR,30.44096513,-97.82589958,2,2026-01-23,Final,"HOME Phase 1 (inferred, 2-3 unit)",medium,,,,
7015 E WILLIAM CANNON DR,30.16345002,-97.7273355,1,2026-01-26,Active,,,"SB840 (possible, has overlay -- verify)",medium,,
609 W STASSNEY LN,30.20791166,-97.78126874,1,2026-01-27,Final,,,"SB840 (possible, has overlay -- verify)",medium,,
113 KIMBLE LN,30.24429711,-97.68541087,1,2026-01-27,Final,"HOME Phase 2 (inferred, small lot)",medium,,,,
937 REINLI ST,30.31852376,-97.70960425,2,2026-01-28,Expired,,,"SB840 (possible, has overlay -- verify)",medium,,
1710 S 5TH ST BLDG 1,,,1,2026-01-29,Active,HOME (matched to Plan Review Case),high,,,,
1710 S 5TH ST BLDG 3,,,1,2026-01-29,Active,HOME (matched to Plan Review Case),high,,,,
1710 S 5TH ST BLDG 2,,,1,2026-01-29,Active,HOME (matched to Plan Review Case),high,,,,
3419 DAVIS LN,30.19479574,-97.84202707,1,2026-01-29,Final,,,"SB840 (possible, has overlay -- verify)",medium,,
10901 RESEARCH BLVD SVRD NB,30.40102212,-97.7448628,1,2026-01-29,Final,,,"SB840 (possible, has overlay -- verify)",medium,,
2246 GUADALUPE ST,30.28613958,-97.7421124,1,2026-02-02,Active,,,"SB840 (possible, has overlay -- verify)",medium,,
3808 W 35TH ST,30.3134215,-97.77435099,2,2026-02-02,Final,"HOME Phase 1 (inferred, 2-3 unit)",medium,,,,
2307 MANOR RD,,,1,2026-02-02,Active,,,"SB840 (possible, has overlay -- verify)",medium,,
3808 W 35TH ST,30.3134215,-97.77435099,2,2026-02-02,Final,"HOME Phase 1 (inferred, 2-3 unit)",medium,,,,
3808 W 35TH ST,30.3134215,-97.77435099,2,2026-02-02,Final,"HOME Phase 1 (inferred, 2-3 unit)",medium,,,,
2525 W ANDERSON LN,30.35547011,-97.73354236,1,2026-02-04,Active,,,"SB840 (possible, has overlay -- verify)",medium,,
2114 W 11TH ST,30.28397932,-97.76788713,2,2026-02-05,Active,HOME (matched to Plan Review Case),high,,,,
3230 TRAVIS COUNTRY CIR,30.25411108,-97.84416202,2,2026-02-05,Active,,,"SB840 (possible, has overlay -- verify)",medium,,
300 FERGUSON DR BLDG 8,30.37632539,-97.68510677,1,2026-02-06,Final,,,"SB840 (possible, has overlay -- verify)",medium,,
300 FERGUSON DR BLDG 6,30.37632539,-97.68510677,1,2026-02-06,Final,,,"SB840 (possible, has overlay -- verify)",medium,,
1144 AIRPORT BLVD,,,1,2026-02-08,Final,,,"SB840 (possible, has overlay -- verify)",medium,,
6405 BERKMAN DR,,,104,2026-02-09,Active,,,"SB840 (possible, has overlay -- verify)",medium,,
3307 LAFAYETTE AVE,30.28988448,-97.71836295,2,2026-02-09,Active,"HOME Phase 1 (inferred, 2-3 unit)",medium,,,,
3850 AIRPORT BLVD,,,1,2026-02-09,Final,,,"SB840 (possible, has overlay -- verify)",medium,,
5707 SOUTHWEST PKWY BLDG 1,30.24410742,-97.84454025,1,2026-02-10,Active,,,"SB840 (possible, has overlay -- verify)",medium,,
1900 E HOWARD LN BLDG D,,,2,2026-02-10,Final,,,"SB840 (possible, has overlay -- verify)",medium,,
5707 SOUTHWEST PKWY BLDG 1,30.24410742,-97.84454025,1,2026-02-10,VOID,,,"SB840 (possible, has overlay -- verify)",medium,,
5707 SOUTHWEST PKWY BLDG 1,30.24410742,-97.84454025,1,2026-02-10,Active,,,"SB840 (possible, has overlay -- verify)",medium,,
6414 ED BLUESTEIN BLVD SB,,,1,2026-02-11,Final,,,"SB840 (possible, has overlay -- verify)",medium,,
2700 W ANDERSON LN,30.35905882,-97.73460323,1,2026-02-11,Active,,,"SB840 (possible, has overlay -- verify)",medium,,
11200 MENCHACA RD BLDG 3 UNIT 305,,,1,2026-02-11,Final,,,"SB840 (possible, has overlay -- verify)",medium,,
959 REINLI ST,30.31896089,-97.70852083,1,2026-02-11,Active,,,"SB840 (possible, has overlay -- verify)",medium,,
2014 E 10TH ST,30.26458316,-97.71859199,1,2026-02-12,Active,"HOME Phase 2 (inferred, small lot)",medium,,,,
4518 MERLE DR,30.22670739,-97.78929486,1,2026-02-12,Active,HOME (matched to Plan Review Case),high,,,,
4518 MERLE DR BLDG 2,,,1,2026-02-12,Active,HOME (matched to Plan Review Case),high,,,,
1708 S CONGRESS AVE,30.24679126,-97.75100232,3,2026-02-13,Final,,,"SB840 (possible, has overlay -- verify)",medium,,
1111 W 6TH ST BLDG A UNIT 310,30.27207507,-97.75605807,1,2026-02-13,Final,,,"SB840 (possible, has overlay -- verify)",medium,,
13450 N US 183 HWY SVRD SB,,,5,2026-02-17,Final,,,"SB840 (possible, has overlay -- verify)",medium,,
7009 E WILLIAM CANNON DR,30.16359716,-97.7280785,1,2026-02-17,Active,,,"SB840 (possible, has overlay -- verify)",medium,,
4114 RED RIVER ST,,,1,2026-02-17,Active,,,"SB840 (possible, has overlay -- verify)",medium,,
2501 E 7TH ST,30.26052362,-97.71374355,1,2026-02-17,Active,,,"SB840 (possible, has overlay -- verify)",medium,,
5007 EILERS AVE,30.31225079,-97.71743985,1,2026-02-17,Active,"HOME Phase 2 (inferred, small lot)",medium,,,,
5516 HUMMING BIRD LN,,,104,2026-02-17,Active,,,"SB840 (possible, has overlay -- verify)",medium,,
4114 RED RIVER ST,,,2,2026-02-17,Active,,,"SB840 (possible, has overlay -- verify)",medium,,
810 W GIBSON ST,30.2529272,-97.75673707,1,2026-02-18,Active,"HOME Phase 2 (inferred, small lot)",medium,,,,
4200 W BRAKER LN BLDG A,,,2,2026-02-18,Final,,,"SB840 (possible, has overlay -- verify)",medium,,
12129 N FM 620 RD BLDG C UNIT 401,,,1,2026-02-18,Final,,,"SB840 (possible, has overlay -- verify)",medium,,
5203 RATON PASS,30.31219847,-97.65892292,2,2026-02-18,Active,"HOME Phase 1 (inferred, 2-3 unit)",medium,,,,
11410 JOLLYVILLE RD BLDG 1,,,1,2026-02-18,Active,,,"SB840 (possible, has overlay -- verify)",medium,,
853 AIRPORT BLVD,,,1,2026-02-18,Active,,,"SB840 (possible, has overlay -- verify)",medium,,
1201 VIOLA LEE LN,30.18674687,-97.8074171,1,2026-02-19,Final,HOME (matched to Plan Review Case),high,,,,
1304 SWEET BARK ST,30.18673512,-97.80765801,1,2026-02-19,Final,HOME (matched to Plan Review Case),high,,,,
11630 FOUR IRON DR,30.43283797,-97.7788961,1,2026-02-19,Active,,,"SB840 (possible, has overlay -- verify)",medium,,
3808 W 35TH ST,30.3134215,-97.77435099,2,2026-02-20,Final,"HOME Phase 1 (inferred, 2-3 unit)",medium,,,,
502 W OLTORF ST,30.24160594,-97.75805912,1,2026-02-20,Final,,,"SB840 (possible, has overlay -- verify)",medium,,
136 FREDERICK ST,30.23130247,-97.76171654,2,2026-02-20,Active,HOME (matched to Plan Review Case),high,,,,
9900 S IH 35 SVRD SB BLDG M UNIT 700,,,1,2026-02-23,Final,,,"SB840 (possible, has overlay -- verify)",medium,,
7710 N FM 620 RD BLDG 13C UNIT 240,,,1,2026-02-23,Final,,,"SB840 (possible, has overlay -- verify)",medium,,
1900 E HOWARD LN BLDG F UNIT 2,,,1,2026-02-23,Active,,,"SB840 (possible, has overlay -- verify)",medium,,
1900 E HOWARD LN BLDG F UNIT 1,,,1,2026-02-23,Final,,,"SB840 (possible, has overlay -- verify)",medium,,
4422 HANK AVE,30.22354089,-97.78081777,3,2026-02-24,Active,"HOME Phase 1 (inferred, 2-3 unit)",medium,,,,
5555 N LAMAR BLVD BLDG D UNIT 105,,,1,2026-02-24,Final,,,"SB840 (possible, has overlay -- verify)",medium,,
10901 N LAMAR BLVD,30.37829667,-97.6877363,1,2026-02-24,Final,,,"SB840 (possible, has overlay -- verify)",medium,,
6802 LOST VALLEY,30.21419425,-97.82670979,2,2026-02-25,Final,"HOME Phase 1 (inferred, 2-3 unit)",medium,,,,
4413 GILLIS ST BLDG 3,,,2,2026-02-25,Active,"HOME Phase 1 (inferred, 2-3 unit)",medium,,,,
11001 LAKELINE BLVD BLDG 1 UNIT 300,30.4800554,-97.7945502,1,2026-02-25,Final,,,"SB840 (possible, has overlay -- verify)",medium,,
11800 DESSAU RD BLDG 3 UNIT 300,,,1,2026-02-26,Final,,,"SB840 (possible, has overlay -- verify)",medium,,
3601 S CONGRESS AVE BLDG F,30.2268396,-97.76025496,1,2026-02-26,Final,,,"SB840 (possible, has overlay -- verify)",medium,,
205 E RIVERSIDE DR,,,1,2026-02-27,Final,,,"SB840 (possible, has overlay -- verify)",medium,,
4607 AVENUE B BLDG B,30.31234579,-97.72940081,2,2026-03-01,Final,"HOME Phase 1 (inferred, 2-3 unit)",medium,,,,
12900 N IH 35 SVRD SB,,,1,2026-03-02,Final,,,"SB840 (possible, has overlay -- verify)",medium,,
914 KOERNER LN,30.25778062,-97.69066468,1,2026-03-02,Active,,,"SB840 (possible, has overlay -- verify)",medium,,
3700 CONVICT HILL RD,30.21195995,-97.8345355,3,2026-03-03,Final,"HOME Phase 1 (inferred, 2-3 unit)",medium,,,,
4801 1/2 FAIRVIEW DR,,,2,2026-03-03,Active,"HOME Phase 1 (inferred, 2-3 unit)",medium,,,,
5800 WOODVIEW AVE,30.33461729,-97.74443447,2,2026-03-04,Active,"HOME Phase 1 (inferred, 2-3 unit)",medium,,,,
7930 W US 290 HWY,,,1,2026-03-04,Active,,,"SB840 (possible, has overlay -- verify)",medium,,
2909 E 12TH ST,30.27566883,-97.70684288,1,2026-03-04,Final,,,"SB840 (possible, has overlay -- verify)",medium,,
4706 E 5TH ST,30.25334222,-97.70085112,1,2026-03-04,Active,,,"SB840 (possible, has overlay -- verify)",medium,,
4701 BOLM RD,,,2,2026-03-05,Active,"HOME Phase 1 (inferred, 2-3 unit)",medium,,,,
7797 BURNET RD,,,1,2026-03-09,Active,,,"SB840 (possible, has overlay -- verify)",medium,,
813 PARK BLVD,30.30137434,-97.72195027,2,2026-03-09,Active,"HOME Phase 1 (inferred, 2-3 unit)",medium,,,,
7112 ED BLUESTEIN BLVD SVRD SB,,,1,2026-03-10,Active,,,"SB840 (possible, has overlay -- verify)",medium,,
9900 S IH 35 SVRD SB BLDG A UNIT 200,,,1,2026-03-11,Active,,,"SB840 (possible, has overlay -- verify)",medium,,
2915 SAN GABRIEL ST,30.29856518,-97.74685637,1,2026-03-11,Final,,,"SB840 (possible, has overlay -- verify)",medium,,
607 BLANCO ST,30.27317597,-97.75664341,1,2026-03-12,Active,,,"SB840 (possible, has overlay -- verify)",medium,,
2808 GUADALUPE ST,30.2938163,-97.74227395,1,2026-03-12,Final,,,"SB840 (possible, has overlay -- verify)",medium,,
1316 S CONGRESS AVE,30.25066167,-97.74967281,1,2026-03-12,Active,,,"SB840 (possible, has overlay -- verify)",medium,,
2710 GERAGHTY AVE,30.34679685,-97.74217005,2,2026-03-13,Final,"HOME Phase 1 (inferred, 2-3 unit)",medium,,,,
2710 GERAGHTY AVE,30.34679685,-97.74217005,2,2026-03-13,Final,"HOME Phase 1 (inferred, 2-3 unit)",medium,,,,
2819 RIO GRANDE ST,30.29507122,-97.74367283,1,2026-03-13,Active,,,"SB840 (possible, has overlay -- verify)",medium,,
1105 MAUFRAIS ST,30.27866911,-97.7569531,1,2026-03-13,Active,"HOME Phase 2 (inferred, small lot)",medium,,,,
7013 E WILLIAM CANNON DR BLDG CP2,,,1,2026-03-16,Final,,,"SB840 (possible, has overlay -- verify)",medium,,
3525 FAR WEST BLVD,30.35240745,-97.75321398,1,2026-03-16,Active,,,"SB840 (possible, has overlay -- verify)",medium,,
7013 E WILLIAM CANNON DR BLDG CP3,,,1,2026-03-16,Final,,,"SB840 (possible, has overlay -- verify)",medium,,
1900 E HOWARD LN BLDG D UNIT 1,,,2,2026-03-16,Final,,,"SB840 (possible, has overlay -- verify)",medium,,
2501 E 7TH ST,30.26052362,-97.71374355,1,2026-03-16,Active,,,"SB840 (possible, has overlay -- verify)",medium,,
7013 E WILLIAM CANNON DR BLDG CP1,,,1,2026-03-16,Final,,,"SB840 (possible, has overlay -- verify)",medium,,
507 ALLEN ST BLDG 2,,,2,2026-03-17,Active,"HOME Phase 1 (inferred, 2-3 unit)",medium,,,,
507 ALLEN ST BLDG 1,,,2,2026-03-17,Active,"HOME Phase 1 (inferred, 2-3 unit)",medium,,,,
1000 E 41ST ST,30.30046387,-97.71965158,1,2026-03-17,Final,,,"SB840 (possible, has overlay -- verify)",medium,,
7734 MC KINNEY FALLS PKWY,30.15650271,-97.730444,1,2026-03-18,Active,,,"SB840 (possible, has overlay -- verify)",medium,,
3027 N LAMAR BLVD,30.2998767,-97.74601932,2,2026-03-18,Final,,,"SB840 (possible, has overlay -- verify)",medium,,
1612 S CONGRESS AVE,,,1,2026-03-18,Active,,,"SB840 (possible, has overlay -- verify)",medium,,
1004 W 32ND ST,,,1,2026-03-20,Final,,,"SB840 (possible, has overlay -- verify)",medium,,
14199 N IH 35 SVRD NB,,,1,2026-03-25,Active,,,"SB840 (possible, has overlay -- verify)",medium,,
2815 RIO GRANDE ST,30.29475062,-97.74345958,1,2026-03-25,Active,,,"SB840 (by-right, no overlay/case on record)",high,,
2802 SAN PEDRO ST,30.29371275,-97.74599756,2,2026-03-27,Active,HOME (matched to Plan Review Case),high,,,,
401 1/2 E OLTORF ST,,,1,2026-03-27,Active,,,"SB840 (possible, has overlay -- verify)",medium,,
1610 W NORTH LOOP BLVD,30.32595562,-97.73908694,1,2026-03-30,Final,,,"SB840 (possible, has overlay -- verify)",medium,,
1602 CANTERBURY ST,30.25679392,-97.72911214,1,2026-03-30,Active,"HOME Phase 2 (inferred, small lot)",medium,,,,
1706 PAYTON GIN RD,30.36590303,-97.71667606,176,2026-03-31,Active,,,"SB840 (by-right, no overlay/case on record)",high,,
5467 N IH 35 SVRD NB,30.31571976,-97.70550862,1,2026-03-31,Active,,,"SB840 (possible, has overlay -- verify)",medium,,
5350 BURNET RD,,,1,2026-03-31,Active,,,"SB840 (possible, has overlay -- verify)",medium,,
905 W LIVE OAK ST,30.24574907,-97.76249755,1,2026-03-31,Active,"HOME Phase 2 (inferred, small lot)",medium,,,,
2129 E 7TH ST,30.26139275,-97.71845661,1,2026-04-01,Active,,,"SB840 (possible, has overlay -- verify)",medium,,
5300 S MOPAC EXPY SB,30.23398785,-97.8279666,1,2026-04-01,Active,,,"SB840 (possible, has overlay -- verify)",medium,,
701 W LONGSPUR BLVD BLDG 1,30.36652906,-97.69300392,1,2026-04-01,Final,,,"SB840 (possible, has overlay -- verify)",medium,,
5800 BURNET RD,,,1,2026-04-02,Active,,,"SB840 (possible, has overlay -- verify)",medium,,
4511 VINSON DR BLDG 1,30.22007876,-97.77753332,2,2026-04-03,Active,HOME (matched to Plan Review Case),high,,,,
300 BOWIE ST,30.26878119,-97.75392169,1,2026-04-06,Active,,,"SB840 (possible, has overlay -- verify)",medium,,
7112 ED BLUESTEIN BLVD SVRD SB,,,1,2026-04-06,Active,,,"SB840 (possible, has overlay -- verify)",medium,,
6000 MOUNTAIN SHADOWS DR,30.25656793,-97.89353315,1,2026-04-06,Final,,,"SB840 (possible, has overlay -- verify)",medium,,
2207 DE VERNE ST,30.24999583,-97.7799759,1,2026-04-07,Active,HOME (matched to Plan Review Case),high,,,,
9509 E PARMER LN,,,1,2026-04-07,Final,,,"SB840 (possible, has overlay -- verify)",medium,,
2004 E 8TH ST,30.26314876,-97.72000274,1,2026-04-07,Active,"HOME Phase 2 (inferred, small lot)",medium,,,,
812 E 45TH HALF ST,30.30602574,-97.7195485,1,2026-04-08,Active,"HOME Phase 2 (inferred, small lot)",medium,,,,
900 CHICON ST,30.2646673,-97.72136842,1,2026-04-08,Final,,,"SB840 (possible, has overlay -- verify)",medium,,
7640 GUADALUPE ST,30.34377644,-97.71169841,1,2026-04-09,Active,,,"SB840 (possible, has overlay -- verify)",medium,,
104 MEDINA,30.26066171,-97.73362084,2,2026-04-09,Active,,,"SB840 (possible, has overlay -- verify)",medium,,
4705 BOLM RD,,,2,2026-04-09,Active,"HOME Phase 1 (inferred, 2-3 unit)",medium,,,,
2214 S 1ST ST,30.24373927,-97.75842353,1,2026-04-09,Final,,,"SB840 (possible, has overlay -- verify)",medium,,
4200 W BRAKER LN BLDG A,,,1,2026-04-09,Final,,,"SB840 (possible, has overlay -- verify)",medium,,
1167 NICKOLS AVE BLDG 2,,,1,2026-04-09,Active,HOME (matched to Plan Review Case),high,,,,
701 W LONGSPUR BLVD BLDG 7,30.36652906,-97.69300392,1,2026-04-13,Final,,,"SB840 (possible, has overlay -- verify)",medium,,
701 W LONGSPUR BLVD BLDG 20,30.36652906,-97.69300392,1,2026-04-13,Final,,,"SB840 (possible, has overlay -- verify)",medium,,
701 W LONGSPUR BLVD BLDG 2,30.36652906,-97.69300392,2,2026-04-13,Final,,,"SB840 (possible, has overlay -- verify)",medium,,
701 W LONGSPUR BLVD BLDG 24,30.36652906,-97.69300392,1,2026-04-13,Final,,,"SB840 (possible, has overlay -- verify)",medium,,
701 W LONGSPUR BLVD BLDG 12,30.36652906,-97.69300392,1,2026-04-13,Final,,,"SB840 (possible, has overlay -- verify)",medium,,
701 W LONGSPUR BLVD BLDG 8,30.36652906,-97.69300392,1,2026-04-13,Final,,,"SB840 (possible, has overlay -- verify)",medium,,
701 W LONGSPUR BLVD BLDG 19,30.36652906,-97.69300392,1,2026-04-13,Final,,,"SB840 (possible, has overlay -- verify)",medium,,
5707 SOUTHWEST PKWY BLDG GAR,30.24410742,-97.84454025,1,2026-04-13,Active,,,"SB840 (possible, has overlay -- verify)",medium,,
823 TILLERY ST,,,1,2026-04-13,Active,,,"SB840 (possible, has overlay -- verify)",medium,,
701 W LONGSPUR BLVD BLDG 9,30.36652906,-97.69300392,1,2026-04-13,Final,,,"SB840 (possible, has overlay -- verify)",medium,,
701 W LONGSPUR BLVD BLDG 4,30.36652906,-97.69300392,1,2026-04-13,Final,,,"SB840 (possible, has overlay -- verify)",medium,,
701 W LONGSPUR BLVD BLDG 10,30.36652906,-97.69300392,1,2026-04-13,Final,,,"SB840 (possible, has overlay -- verify)",medium,,
701 W LONGSPUR BLVD BLDG 15,30.36652906,-97.69300392,1,2026-04-13,Final,,,"SB840 (possible, has overlay -- verify)",medium,,
701 W LONGSPUR BLVD BLDG 17,30.36652906,-97.69300392,1,2026-04-13,Final,,,"SB840 (possible, has overlay -- verify)",medium,,
1011 S CONGRESS AVE BLDG 2 UNIT 145,30.25349256,-97.74794018,1,2026-04-13,Active,,,"SB840 (possible, has overlay -- verify)",medium,,
3820 S CONGRESS AVE BLDG 2,30.22535364,-97.76295492,2,2026-04-13,Final,,,"SB840 (possible, has overlay -- verify)",medium,,
701 W LONGSPUR BLVD BLDG 22,30.36652906,-97.69300392,1,2026-04-13,Final,,,"SB840 (possible, has overlay -- verify)",medium,,
701 W LONGSPUR BLVD BLDG 21,30.36652906,-97.69300392,1,2026-04-13,Final,,,"SB840 (possible, has overlay -- verify)",medium,,
701 W LONGSPUR BLVD BLDG 3,30.36652906,-97.69300392,1,2026-04-13,Final,,,"SB840 (possible, has overlay -- verify)",medium,,
701 W LONGSPUR BLVD BLDG 11,30.36652906,-97.69300392,1,2026-04-13,Final,,,"SB840 (possible, has overlay -- verify)",medium,,
701 W LONGSPUR BLVD BLDG 18,30.36652906,-97.69300392,1,2026-04-13,Final,,,"SB840 (possible, has overlay -- verify)",medium,,
701 W LONGSPUR BLVD BLDG 23,30.36652906,-97.69300392,1,2026-04-13,Final,,,"SB840 (possible, has overlay -- verify)",medium,,
5707 SOUTHWEST PKWY,30.24410742,-97.84454025,1,2026-04-14,Active,,,"SB840 (possible, has overlay -- verify)",medium,,
2000 E 4TH ST,30.25936376,-97.72173051,1,2026-04-14,Final,,,"SB840 (possible, has overlay -- verify)",medium,,
1111 W 6TH ST BLDG A UNIT 100,30.27207507,-97.75605807,1,2026-04-14,Active,,,"SB840 (possible, has overlay -- verify)",medium,,
701 W LONGSPUR BLVD BLDG 5,30.36652906,-97.69300392,1,2026-04-15,Final,,,"SB840 (possible, has overlay -- verify)",medium,,
11415 1/2 ZIMMERMAN LN,,,1,2026-04-15,Active,"HOME Phase 2 (inferred, small lot)",medium,,,,
701 W LONGSPUR BLVD BLDG 6,30.36652906,-97.69300392,1,2026-04-15,Final,,,"SB840 (possible, has overlay -- verify)",medium,,
12800 PEARCE LN,,,1,2026-04-17,Active,,,"SB840 (possible, has overlay -- verify)",medium,,
1801 W PARMER LN,,,1,2026-04-17,Final,,,"SB840 (possible, has overlay -- verify)",medium,,
1906 HETHER ST,30.25248528,-97.77269339,2,2026-04-17,Active,"HOME Phase 1 (inferred, 2-3 unit)",medium,,,,
8105 ERMIS FARM RD,,,1,2026-04-17,Active,HOME (matched to Plan Review Case),high,,,,
701 W LONGSPUR BLVD,30.36652906,-97.69300392,1,2026-04-17,Final,,,"SB840 (possible, has overlay -- verify)",medium,,
2405 E 10TH ST,30.26505026,-97.71574042,1,2026-04-18,Active,"HOME Phase 2 (inferred, small lot)",medium,,,,
3309 KERBEY LN,30.30517942,-97.75106918,2,2026-04-21,Active,"HOME Phase 1 (inferred, 2-3 unit)",medium,,,,
6414 ED BLUESTEIN BLVD SB,,,1,2026-04-21,Active,,,"SB840 (possible, has overlay -- verify)",medium,,
5707 SOUTHWEST PKWY BLDG 1 UNIT EV,,,1,2026-04-21,Active,,,"SB840 (possible, has overlay -- verify)",medium,,
3309 KERBEY LN,30.30517942,-97.75106918,2,2026-04-21,Active,"HOME Phase 1 (inferred, 2-3 unit)",medium,,,,
9509 E PARMER LN,,,1,2026-04-21,Active,,,"SB840 (possible, has overlay -- verify)",medium,,
605 E 46TH ST BLDG B,30.30770753,-97.72177255,2,2026-04-21,Active,"HOME Phase 1 (inferred, 2-3 unit)",medium,,,,
5411 E WILLIAM CANNON DR,30.17886262,-97.74630916,1,2026-04-22,Active,,,"SB840 (possible, has overlay -- verify)",medium,,
1708 E CESAR CHAVEZ ST,30.25786614,-97.72598155,1,2026-04-22,Active,,,"SB840 (possible, has overlay -- verify)",medium,,
701 W LONGSPUR BLVD BLDG 14,30.36652906,-97.69300392,1,2026-04-23,Final,,,"SB840 (possible, has overlay -- verify)",medium,,
701 W LONGSPUR BLVD BLDG 16,30.36652906,-97.69300392,1,2026-04-23,Final,,,"SB840 (possible, has overlay -- verify)",medium,,
701 W LONGSPUR BLVD BLDG 13,30.36652906,-97.69300392,1,2026-04-23,Final,,,"SB840 (possible, has overlay -- verify)",medium,,
1900 E HOWARD LN BLDG G UNIT 1,,,1,2026-04-29,Active,,,"SB840 (possible, has overlay -- verify)",medium,,
12129 N FM 620 RD BLDG A UNIT 100,,,1,2026-04-29,Active,,,"SB840 (possible, has overlay -- verify)",medium,,
5315 ED BLUESTEIN BLVD NB,,,1,2026-04-29,Final,,,"SB840 (possible, has overlay -- verify)",medium,,
6711 BURNET LN,30.34287954,-97.73669117,1,2026-05-01,Active,,,"SB840 (possible, has overlay -- verify)",medium,,
2304 HANCOCK DR,30.32443112,-97.74231098,6,2026-05-01,Active,,,"SB840 (by-right, no overlay/case on record)",high,,
1400 GEOFFS DR,30.16223556,-97.82471513,1,2026-05-01,Active,"HOME Phase 2 (inferred, small lot)",medium,,,,
403 E KOENIG LN,30.32106007,-97.7172993,1,2026-05-01,Active,,,"SB840 (possible, has overlay -- verify)",medium,,
1716 SAN ANTONIO ST,30.28073781,-97.74333168,1,2026-05-04,Final,,,"SB840 (possible, has overlay -- verify)",medium,,
5800 BURNET RD,,,1,2026-05-04,Active,,,"SB840 (possible, has overlay -- verify)",medium,,
5501 N LAMAR BLVD BLDG C UNIT 123,30.32316452,-97.72758391,8,2026-05-05,Final,,,"SB840 (possible, has overlay -- verify)",medium,,
300 FERGUSON DR BLDG 7,30.37632539,-97.68510677,1,2026-05-05,Final,,,"SB840 (possible, has overlay -- verify)",medium,,
300 FERGUSON DR BLDG 3,30.37632539,-97.68510677,1,2026-05-05,Final,,,"SB840 (possible, has overlay -- verify)",medium,,
2506 E CESAR CHAVEZ ST,30.25433675,-97.71610056,1,2026-05-05,Final,,,"SB840 (possible, has overlay -- verify)",medium,,
12625 N IH 35 SVRD NB BLDG A,30.40950098,-97.67276231,1,2026-05-06,Active,,,"SB840 (possible, has overlay -- verify)",medium,,
1900 E HOWARD LN BLDG D UNIT 1,,,1,2026-05-06,Active,,,"SB840 (possible, has overlay -- verify)",medium,,
1000 E 41ST ST,30.30046387,-97.71965158,1,2026-05-06,Active,,,"SB840 (possible, has overlay -- verify)",medium,,
3016 E 51ST ST,,,1,2026-05-07,Active,,,"SB840 (possible, has overlay -- verify)",medium,,
13505 N FM 620 RD NB,30.47215452,-97.7832102,1,2026-05-07,Active,,,"SB840 (possible, has overlay -- verify)",medium,,
2110 W SLAUGHTER LN,30.17542488,-97.82564841,1,2026-05-07,Active,,,"SB840 (possible, has overlay -- verify)",medium,,
310 W 2ND ST,,,1,2026-05-07,Active,,,"SB840 (possible, has overlay -- verify)",medium,,
62 EAST AVE,30.25804629,-97.73824079,215,2026-05-08,Active,,,"SB840 (by-right, no overlay/case on record)",high,,
1900 BARTON SPRINGS RD BLDG 1 UNIT 1004,,,2,2026-05-11,Active,,,"SB840 (possible, has overlay -- verify)",medium,,
8100 BIRD SONG CIR,,,1,2026-05-12,Active,HOME (matched to Plan Review Case),high,,,,
5426 GUADALUPE ST,30.3221013,-97.72601796,2,2026-05-12,Active,,,"SB840 (possible, has overlay -- verify)",medium,,
300 FERGUSON DR BLDG 4,30.37632539,-97.68510677,1,2026-05-12,Final,,,"SB840 (possible, has overlay -- verify)",medium,,
408 W 33RD ST,30.29955971,-97.73904528,3,2026-05-12,Active,"HOME Phase 1 (inferred, 2-3 unit)",medium,,,,
1326 LAMAR SQUARE DR,30.25486196,-97.76474503,101,2026-05-13,Active,,,"SB840 (possible, has overlay -- verify)",medium,,
2142 E 7TH ST,30.2619593,-97.71805156,2,2026-05-14,Active,,,"SB840 (possible, has overlay -- verify)",medium,,
5010 W US 290 HWY WB,,,2,2026-05-14,Active,,,"SB840 (possible, has overlay -- verify)",medium,,
3009 E 14TH ST,30.27783385,-97.70391614,1,2026-05-17,Active,"HOME Phase 2 (inferred, small lot)",medium,,,,
1804 S 6TH ST,30.24929858,-97.76312533,1,2026-05-18,Final,"HOME Phase 2 (inferred, small lot)",medium,,,,
1504 E 11TH ST,30.26782389,-97.72497435,1,2026-05-18,Active,"HOME Phase 2 (inferred, small lot)",medium,,,,
2350 GUADALUPE ST,30.2874486,-97.74183324,1,2026-05-18,Active,,,"SB840 (possible, has overlay -- verify)",medium,,
411 W 34TH ST,30.29972706,-97.73888865,3,2026-05-19,Active,"HOME Phase 1 (inferred, 2-3 unit)",medium,,,,
2913 1/2 S 1ST ST,30.23540587,-97.76363127,1,2026-05-19,Active,,,"SB840 (possible, has overlay -- verify)",medium,,
6801 1/2 BURNET RD,,,1,2026-05-19,Active,,,"SB840 (possible, has overlay -- verify)",medium,,
1900 BARTON SPRINGS RD BLDG 1 UNIT 1005,,,2,2026-05-19,Active,,,"SB840 (possible, has overlay -- verify)",medium,,
7000 JOHNNY MORRIS RD BLDG 1,,,1,2026-05-20,Active,,,"SB840 (possible, has overlay -- verify)",medium,,
1704 MIRIAM AVE BLDG 2,,,1,2026-05-20,Active,HOME (matched to Plan Review Case),high,,,,
7000 JOHNNY MORRIS RD BLDG 2,,,1,2026-05-20,Active,,,"SB840 (possible, has overlay -- verify)",medium,,
4210 W BRAKER LN,30.40009239,-97.73995396,1,2026-05-20,Active,,,"SB840 (possible, has overlay -- verify)",medium,,
1525 W KOENIG LN,30.33199763,-97.73444438,1,2026-05-20,Final,,,"SB840 (possible, has overlay -- verify)",medium,,
1010 E CESAR CHAVEZ ST,30.26046527,-97.733699,1,2026-05-20,Active,,,"SB840 (possible, has overlay -- verify)",medium,,
12901 N IH 35 SVRD NB BLDG 11 UNIT 1100,30.41525799,-97.67013132,2,2026-05-20,Active,,,"SB840 (possible, has overlay -- verify)",medium,,
7000 JOHNNY MORRIS RD BLDG 3,,,1,2026-05-20,Active,,,"SB840 (possible, has overlay -- verify)",medium,,
9313 CAMERON RD,,,1,2026-05-20,Active,,,"SB840 (possible, has overlay -- verify)",medium,,
5000 E CESAR CHAVEZ ST,30.25181954,-97.70009746,1,2026-05-21,Active,,,"SB840 (possible, has overlay -- verify)",medium,,
4205 RAMSEY AVE,30.31298176,-97.7451861,1,2026-05-21,Active,HOME (matched to Plan Review Case),high,,,,
9300 S IH 35 SVRD SB BLDG F,,,1,2026-05-21,Final,,,"SB840 (possible, has overlay -- verify)",medium,,
11511 N FM 620 RD,,,1,2026-05-21,Final,,,"SB840 (possible, has overlay -- verify)",medium,,
608 BLANCO ST,30.27343541,-97.75709911,1,2026-05-22,Final,,,"SB840 (possible, has overlay -- verify)",medium,,
12901 N IH 35 SVRD NB BLDG 11 UNIT 1100,30.41525799,-97.67013132,1,2026-05-22,Active,,,"SB840 (possible, has overlay -- verify)",medium,,
5010 W US 290 HWY WB,,,1,2026-05-22,Active,,,"SB840 (possible, has overlay -- verify)",medium,,
13649 RUTLEDGE SPUR BLDG 2,30.47739162,-97.78115681,1,2026-05-26,Active,,,"SB840 (possible, has overlay -- verify)",medium,,
55 N IH 35 SVRD NB,30.2562044,-97.73611062,2,2026-05-26,Active,,,"SB840 (possible, has overlay -- verify)",medium,,
1320 ART DILLY DR BLDG 1,,,225,2026-05-26,Active,,,"SB840 (possible, has overlay -- verify)",medium,,
13649 RUTLEDGE SPUR BLDG 1,30.47739162,-97.78115681,1,2026-05-26,Active,,,"SB840 (possible, has overlay -- verify)",medium,,
401 RIDGEWOOD RD UNIT A,,,1,2026-05-26,Active,HOME (matched to Plan Review Case),high,,,,
6318 BURNET RD,,,2,2026-05-27,Final,,,"SB840 (possible, has overlay -- verify)",medium,,
900 CHICON ST,30.2646673,-97.72136842,1,2026-05-28,Active,,,"SB840 (possible, has overlay -- verify)",medium,,
9900 S IH 35 SVRD SB BLDG F UNIT 100,,,1,2026-05-28,Active,,,"SB840 (possible, has overlay -- verify)",medium,,
1809 S 1ST ST,30.24673967,-97.75595182,1,2026-05-29,Active,,,"SB840 (possible, has overlay -- verify)",medium,,
1422 E 51ST ST,,,1,2026-06-01,Active,,,"SB840 (possible, has overlay -- verify)",medium,,
601 N LAMAR BLVD,30.27179971,-97.75344496,2,2026-06-01,Active,,,"SB840 (possible, has overlay -- verify)",medium,,
12400 N IH 35 SVRD SB BLDG B,,,1,2026-06-01,Active,,,"SB840 (possible, has overlay -- verify)",medium,,
2114 HASKELL ST,30.2514195,-97.7228831,3,2026-06-01,Active,"HOME Phase 1 (inferred, 2-3 unit)",medium,,,,
5111 BURNET RD,,,1,2026-06-02,Final,,,"SB840 (possible, has overlay -- verify)",medium,,
9215 S 1ST ST,30.1709086,-97.80048758,1,2026-06-03,Active,,,"SB840 (possible, has overlay -- verify)",medium,,
937 REINLI ST,30.31852376,-97.70960425,1,2026-06-04,Active,,,"SB840 (possible, has overlay -- verify)",medium,,
1402 VALLEYRIDGE DR BLDG 3,,,1,2026-06-08,Active,HOME (matched to Plan Review Case),high,,,,
1402 VALLEYRIDGE DR BLDG 2,,,1,2026-06-08,Active,HOME (matched to Plan Review Case),high,,,,
6317 FM 2244 RD,30.29636981,-97.83218847,1,2026-06-08,Active,,,"SB840 (possible, has overlay -- verify)",medium,,
4970 W US 290 HWY WB,,,1,2026-06-08,Active,,,"SB840 (possible, has overlay -- verify)",medium,,
3027 N LAMAR BLVD,30.2998767,-97.74601932,2,2026-06-08,Active,,,"SB840 (possible, has overlay -- verify)",medium,,
2500 GIVENS AVE,30.28174665,-97.71582638,1,2026-06-08,Final,"HOME Phase 2 (inferred, small lot)",medium,,,,
1000 E 41ST ST BLDG J UNIT 200A,30.30046387,-97.71965158,1,2026-06-08,Active,,,"SB840 (possible, has overlay -- verify)",medium,,
5301 SOUTHWEST PKWY BLDG 1 UNIT 220,30.24357546,-97.84150985,1,2026-06-08,Final,,,"SB840 (possible, has overlay -- verify)",medium,,
2411 E MARTIN LUTHER KING JR BLVD,30.28045033,-97.71551295,1,2026-06-08,Active,,,"SB840 (possible, has overlay -- verify)",medium,,
13649 RUTLEDGE SPUR BLDG 3,30.47739162,-97.78115681,1,2026-06-09,Active,,,"SB840 (possible, has overlay -- verify)",medium,,
13649 RUTLEDGE SPUR BLDG 4,30.47739162,-97.78115681,1,2026-06-09,Active,,,"SB840 (possible, has overlay -- verify)",medium,,
13649 RUTLEDGE SPUR BLDG LEASE,,,1,2026-06-09,Active,,,"SB840 (possible, has overlay -- verify)",medium,,
3230 TRAVIS COUNTRY CIR,30.25411108,-97.84416202,1,2026-06-09,Active,,,"SB840 (possible, has overlay -- verify)",medium,,
4102 MENCHACA RD,30.23202185,-97.78753954,1,2026-06-09,Active,,,"SB840 (possible, has overlay -- verify)",medium,,
6707 EMERALD FOREST DR,30.19953888,-97.79325885,1,2026-06-10,Active,,,"SB840 (possible, has overlay -- verify)",medium,,
1136 AIRPORT BLVD,,,1,2026-06-11,Active,,,"SB840 (possible, has overlay -- verify)",medium,,
1136 AIRPORT BLVD,,,1,2026-06-11,Active,,,"SB840 (possible, has overlay -- verify)",medium,,
1136 AIRPORT BLVD,,,1,2026-06-11,Active,,,"SB840 (possible, has overlay -- verify)",medium,,
1136 AIRPORT BLVD,,,1,2026-06-11,Active,,,"SB840 (possible, has overlay -- verify)",medium,,
1136 AIRPORT BLVD,,,1,2026-06-11,Active,,,"SB840 (possible, has overlay -- verify)",medium,,
1136 AIRPORT BLVD,,,1,2026-06-11,Active,,,"SB840 (possible, has overlay -- verify)",medium,,
9900 W PARMER LN BLDG A UNIT 215,,,1,2026-06-12,Active,,,"SB840 (possible, has overlay -- verify)",medium,,
1911 E 11TH ST,30.26560606,-97.71979365,1,2026-06-15,Final,"HOME Phase 2 (inferred, small lot)",medium,,,,
1011 S CONGRESS AVE BLDG 1 UNIT 120,30.25349256,-97.74794018,1,2026-06-16,Active,,,"SB840 (possible, has overlay -- verify)",medium,,
915 W JOHANNA ST,30.2471819,-97.76263047,1,2026-06-16,Active,"HOME Phase 2 (inferred, small lot)",medium,,,,
102 E RUNDBERG LN BLDG B,,,3,2026-06-17,Active,"HOME Phase 1 (inferred, 2-3 unit)",medium,,,,
1621 E CESAR CHAVEZ ST BLDG EV,,,1,2026-06-17,Active,,,"SB840 (possible, has overlay -- verify)",medium,,
1122 COLORADO ST,30.27405126,-97.74289951,1,2026-06-18,Active,,,"SB840 (by-right, no overlay/case on record)",high,,
4812 GONZALES ST,30.25590674,-97.6970301,1,2026-06-18,Active,,,"SB840 (possible, has overlay -- verify)",medium,,
1011 E 53RD HALF ST,30.31237556,-97.7099521,1,2026-06-22,Active,,,"SB840 (possible, has overlay -- verify)",medium,,
1414 E 51ST ST,,,1,2026-06-22,Active,,,"SB840 (possible, has overlay -- verify)",medium,,
2500 W WILLIAM CANNON DR BLDG 2 UNIT 204,30.20656318,-97.81288674,2,2026-06-22,Final,,,"SB840 (possible, has overlay -- verify)",medium,,
5505 MANOR RD,,,2,2026-06-23,Active,HOME (matched to Plan Review Case),high,,,,
1136 AIRPORT BLVD,,,1,2026-06-23,Active,,,"SB840 (possible, has overlay -- verify)",medium,,
8601 TALLWOOD DR,30.37702109,-97.74860934,2,2026-06-24,Active,"HOME Phase 1 (inferred, 2-3 unit)",medium,,,,
608 BLANCO ST,30.27343541,-97.75709911,1,2026-06-26,Active,,,"SB840 (possible, has overlay -- verify)",medium,,
2915 SAN GABRIEL ST,30.29856518,-97.74685637,1,2026-06-26,Active,,,"SB840 (possible, has overlay -- verify)",medium,,
4001 W PARMER LN,,,1,2026-06-29,Active,,,"SB840 (possible, has overlay -- verify)",medium,,
11001 LAKELINE BLVD BLDG 1 UNIT 300,30.4800554,-97.7945502,2,2026-06-29,Final,,,"SB840 (possible, has overlay -- verify)",medium,,
611 S CONGRESS AVE,30.25534375,-97.74713343,1,2026-06-30,Active,,,"SB840 (possible, has overlay -- verify)",medium,,
5502 CLAY AVE,30.32903685,-97.73926407,2,2026-06-30,Active,,,"SB840 (possible, has overlay -- verify)",medium,,
5500 CLAY AVE,30.32893866,-97.73930476,2,2026-06-30,Active,,,"SB840 (possible, has overlay -- verify)",medium,,
5301 SOUTHWEST PKWY BLDG 1 UNIT 300,30.24357546,-97.84150985,1,2026-07-01,Active,,,"SB840 (possible, has overlay -- verify)",medium,,
512 SABINE ST,30.26592121,-97.73637518,232,2026-07-01,Active,,,"SB840 (by-right, no overlay/case on record)",high,,
219 LESSIN LN BLDG 9,30.22669308,-97.76446484,1,2026-07-01,Active,HOME (matched to Plan Review Case),high,,,,
4623 PHILCO DR BLDG 1,,,1,2026-07-01,Active,HOME (matched to Plan Review Case),high,,,,
6433 CHAMPION GRANDVIEW WAY BLDG 2,30.36307541,-97.79300205,2,2026-07-01,Active,,,"SB840 (possible, has overlay -- verify)",medium,,
6433 CHAMPION GRANDVIEW WAY BLDG 1,30.36307541,-97.79300205,2,2026-07-01,Active,,,"SB840 (possible, has overlay -- verify)",medium,,
4623 PHILCO DR BLDG 2,,,1,2026-07-01,Active,HOME (matched to Plan Review Case),high,,,,
512 SABINE ST,30.26592121,-97.73637518,232,2026-07-01,Active,,,"SB840 (by-right, no overlay/case on record)",high,,
512 SABINE ST,30.26592121,-97.73637518,232,2026-07-01,Active,,,"SB840 (by-right, no overlay/case on record)",high,,
5027 MANOR RD,,,1,2026-07-02,Active,,,"SB840 (possible, has overlay -- verify)",medium,,
1803 S 1ST ST,30.24713124,-97.75572913,1,2026-07-02,Active,,,"SB840 (possible, has overlay -- verify)",medium,,
4308 NORWOOD LN,30.1888102,-97.68721646,1,2026-07-06,Active,,,"SB840 (possible, has overlay -- verify)",medium,,
1601 WATERSTON AVE,30.28059772,-97.75903748,1,2026-07-06,Active,,,"SB840 (possible, has overlay -- verify)",medium,,
4415 SINCLAIR AVE BLDG 2,,,2,2026-07-06,Active,"HOME Phase 1 (inferred, 2-3 unit)",medium,,,,
1900 E HOWARD LN BLDG F UNIT 1,,,1,2026-07-08,Active,,,"SB840 (possible, has overlay -- verify)",medium,,
4700 PHILCO DR,30.22306763,-97.78882383,2,2026-07-08,Active,"HOME Phase 1 (inferred, 2-3 unit)",medium,,,,
4402 S CONGRESS AVE,30.21736858,-97.767848,1,2026-07-09,Active,,,"SB840 (possible, has overlay -- verify)",medium,,
714 E BEN WHITE BLVD SVRD WB,,,1,2026-07-09,Active,,,"SB840 (possible, has overlay -- verify)",medium,,
1900 BARTON SPRINGS RD BLDG 1 UNIT 1004,,,1,2026-07-09,Active,,,"SB840 (possible, has overlay -- verify)",medium,,
4709 1/2 BURNET RD,,,1,2026-07-09,Active,,,"SB840 (possible, has overlay -- verify)",medium,,
7930 W US 290 HWY,,,1,2026-07-09,Active,,,"SB840 (possible, has overlay -- verify)",medium,,
11206 S IH 35 SVRD SB,,,1,2026-07-09,Active,,,"SB840 (possible, has overlay -- verify)",medium,,
714 E BEN WHITE BLVD SVRD WB,,,1,2026-07-10,Active,,,"SB840 (possible, has overlay -- verify)",medium,,
714 E BEN WHITE BLVD SVRD WB,,,1,2026-07-10,Active,,,"SB840 (possible, has overlay -- verify)",medium,,
2204 THORNTON RD BLDG D,,,2,2026-07-10,Active,"HOME Phase 1 (inferred, 2-3 unit)",medium,,,,
714 E BEN WHITE BLVD SVRD WB,,,1,2026-07-10,Active,,,"SB840 (possible, has overlay -- verify)",medium,,
6305 CAMINO REAL BLDG 2,,,1,2026-07-10,Active,HOME (matched to Plan Review Case),high,,,,
714 E BEN WHITE BLVD SVRD WB,,,1,2026-07-10,Active,,,"SB840 (possible, has overlay -- verify)",medium,,
1124 CLAYTON LN,30.31787155,-97.70033017,1,2026-07-14,Active,,,"SB840 (possible, has overlay -- verify)",medium,,
1525 W KOENIG LN,30.33199763,-97.73444438,2,2026-07-14,Active,,,"SB840 (possible, has overlay -- verify)",medium,,
845 BLACKSON AVE,,,6,2026-07-15,Active,,,"SB840 (possible, has overlay -- verify)",medium,,
845 BLACKSON AVE,,,6,2026-07-15,Active,,,"SB840 (possible, has overlay -- verify)",medium,,
845 BLACKSON AVE,,,1,2026-07-15,Active,,,"SB840 (possible, has overlay -- verify)",medium,,
845 BLACKSON AVE,,,1,2026-07-15,Active,,,"SB840 (possible, has overlay -- verify)",medium,,
845 BLACKSON AVE,,,6,2026-07-15,Active,,,"SB840 (possible, has overlay -- verify)",medium,,
800 E ST JOHNS AVE,30.33241941,-97.70252992,8,2026-07-15,Active,,,"SB840 (possible, has overlay -- verify)",medium,,
845 BLACKSON AVE,,,85,2026-07-15,Active,,,"SB840 (possible, has overlay -- verify)",medium,,
800 E ST JOHNS AVE,30.33241941,-97.70252992,6,2026-07-15,Active,,,"SB840 (possible, has overlay -- verify)",medium,,
800 E ST JOHNS AVE,30.33241941,-97.70252992,1,2026-07-15,Active,,,"SB840 (possible, has overlay -- verify)",medium,,
800 E ST JOHNS AVE BLDG 2,,,70,2026-07-15,Active,,,"SB840 (possible, has overlay -- verify)",medium,,
845 BLACKSON AVE,,,6,2026-07-15,Active,,,"SB840 (possible, has overlay -- verify)",medium,,
845 BLACKSON AVE,,,101,2026-07-15,Active,,,"SB840 (possible, has overlay -- verify)",medium,,
845 BLACKSON AVE,,,8,2026-07-15,Active,,,"SB840 (possible, has overlay -- verify)",medium,,
845 BLACKSON AVE,,,8,2026-07-15,Active,,,"SB840 (possible, has overlay -- verify)",medium,,
800 E ST JOHNS AVE BLDG 1,,,145,2026-07-15,Active,,,"SB840 (possible, has overlay -- verify)",medium,,
845 BLACKSON AVE,,,7,2026-07-15,Active,,,"SB840 (possible, has overlay -- verify)",medium,,
845 BLACKSON AVE,,,25,2026-07-15,Active,,,"SB840 (possible, has overlay -- verify)",medium,,
800 E ST JOHNS AVE,30.33241941,-97.70252992,6,2026-07-15,Active,,,"SB840 (possible, has overlay -- verify)",medium,,
800 E ST JOHNS AVE,30.33241941,-97.70252992,6,2026-07-15,Active,,,"SB840 (possible, has overlay -- verify)",medium,,
800 E ST JOHNS AVE,30.33241941,-97.70252992,7,2026-07-15,Active,,,"SB840 (possible, has overlay -- verify)",medium,,
11800 N LAMAR BLVD BLDG 6,30.38832035,-97.68406668,1,2026-07-15,Active,,,"SB840 (possible, has overlay -- verify)",medium,,
6608 S CONGRESS AVE,30.19428387,-97.77892172,1,2026-07-16,Active,,,"SB840 (possible, has overlay -- verify)",medium,,
500 PAMPA DR,30.33383768,-97.71605869,1,2026-07-16,Active,,,"SB840 (possible, has overlay -- verify)",medium,,
3831 STECK AVE,30.37250326,-97.75070655,1,2026-07-17,Active,"HOME Phase 2 (inferred, small lot)",medium,,,,
1124 S IH 35 SVRD SB,,,2,2026-07-19,Active,,,"SB840 (possible, has overlay -- verify)",medium,,
1124 S IH 35 SVRD SB,,,2,2026-07-19,Active,,,"SB840 (possible, has overlay -- verify)",medium,,
1136 AIRPORT BLVD,,,1,2026-07-20,Active,,,"SB840 (possible, has overlay -- verify)",medium,,
514 E LIVE OAK ST,30.24031588,-97.74849251,1,2026-07-20,Active,"HOME Phase 2 (inferred, small lot)",medium,,,,
12901 N IH 35 SVRD NB BLDG 2,30.41525799,-97.67013132,2,2026-07-20,Active,,,"SB840 (possible, has overlay -- verify)",medium,,
2013 RIVERVIEW ST,30.25079017,-97.72520323,1,2026-07-20,Active,"HOME Phase 2 (inferred, small lot)",medium,,,,
606 RATHERVUE PL,30.29228462,-97.73210352,1,2026-07-20,Active,,,"SB840 (possible, has overlay -- verify)",medium,,
845 BLACKSON AVE,,,8,2026-07-21,Active,,,"SB840 (possible, has overlay -- verify)",medium,,
2915 E CESAR CHAVEZ ST,30.25179227,-97.71137316,1,2026-07-21,Active,,,"SB840 (possible, has overlay -- verify)",medium,,
11001 LAKELINE BLVD BLDG 1 UNIT 300,30.4800554,-97.7945502,1,2026-07-21,Active,,,"SB840 (possible, has overlay -- verify)",medium,,
845 BLACKSON AVE,,,8,2026-07-21,Active,,,"SB840 (possible, has overlay -- verify)",medium,,
2915 E CESAR CHAVEZ ST,30.25179227,-97.71137316,1,2026-07-21,Active,,,"SB840 (possible, has overlay -- verify)",medium,,
4605 HANK AVE BLDG 2,,,1,2026-07-21,Active,HOME (matched to Plan Review Case),high,,,,
4605 HANK AVE BLDG 1,,,1,2026-07-21,Active,HOME (matched to Plan Review Case),high,,,,
4201 WESTBANK DR,30.27555169,-97.81653571,2,2026-07-21,Active,"HOME Phase 1 (inferred, 2-3 unit)",medium,,,,
1722 MEANDER DR,,,1,2026-07-22,Active,"HOME Phase 2 (inferred, small lot)",medium,,,,
2219 GARDEN ST,30.25245356,-97.72085612,1,2026-07-22,Active,"HOME Phase 2 (inferred, small lot)",medium,,,,
800 E ST JOHNS AVE,30.33241941,-97.70252992,8,2026-07-22,Active,,,"SB840 (possible, has overlay -- verify)",medium,,
800 E ST JOHNS AVE,30.33241941,-97.70252992,8,2026-07-22,Active,,,"SB840 (possible, has overlay -- verify)",medium,,
6818 AUSTIN CENTER BLVD,30.35058809,-97.75177851,2,2026-07-22,Active,,,"SB840 (possible, has overlay -- verify)",medium,,
401 NORTH BLUFF DR,30.1967548,-97.77402166,1,2026-07-22,Active,HOME (matched to Plan Review Case),high,,,,
800 E ST JOHNS AVE,30.33241941,-97.70252992,8,2026-07-22,Active,,,"SB840 (possible, has overlay -- verify)",medium,,
7710 N FM 620 RD BLDG 14,,,1,2026-07-23,Active,,,"SB840 (possible, has overlay -- verify)",medium,,
8701 MENCHACA RD BLDG 1 UNIT 107,30.18508663,-97.8162613,1,2026-07-27,Final,,,"SB840 (possible, has overlay -- verify)",medium,,
1317 1/2 BASTROP HWY SVRD,,,1,2026-07-27,Active,,,"SB840 (possible, has overlay -- verify)",medium,,
4700 AVENUE G,30.31087488,-97.72469193,1,2026-07-27,Active,"HOME Phase 2 (inferred, small lot)",medium,,,,
4701 WEST GATE BLVD BLDG C,30.22868908,-97.80088844,1,2026-07-27,Active,,,"SB840 (possible, has overlay -- verify)",medium,,
2204 THORNTON RD BLDG C,,,2,2026-07-27,Active,"HOME Phase 1 (inferred, 2-3 unit)",medium,,,,
2819 RIO GRANDE ST,30.29507122,-97.74367283,1,2026-07-27,Active,,,"SB840 (possible, has overlay -- verify)",medium,,
1124 S IH 35 SVRD SB,,,2,2026-07-28,Active,,,"SB840 (possible, has overlay -- verify)",medium,,
2910 MEDICAL ARTS ST BLDG 1,,,7,2026-07-29,Active,,,"SB840 (possible, has overlay -- verify)",medium,,
2910 MEDICAL ARTS ST BLDG 1,,,7,2026-07-29,Active,,,"SB840 (possible, has overlay -- verify)",medium,,
2910 MEDICAL ARTS ST BLDG 1,,,7,2026-07-29,Active,,,"SB840 (possible, has overlay -- verify)",medium,,
2910 MEDICAL ARTS ST BLDG 1,,,7,2026-07-29,Active,,,"SB840 (possible, has overlay -- verify)",medium,,
2910 MEDICAL ARTS ST BLDG 1,,,7,2026-07-29,Active,,,"SB840 (possible, has overlay -- verify)",medium,,
2910 MEDICAL ARTS ST BLDG 1,,,7,2026-07-29,Active,,,"SB840 (possible, has overlay -- verify)",medium,,
2910 MEDICAL ARTS ST BLDG 1,,,7,2026-07-29,Active,,,"SB840 (possible, has overlay -- verify)",medium,,
2910 MEDICAL ARTS ST BLDG 1,,,7,2026-07-29,Active,,,"SB840 (possible, has overlay -- verify)",medium,,
2910 MEDICAL ARTS ST BLDG 1,,,7,2026-07-29,Active,,,"SB840 (possible, has overlay -- verify)",medium,,
6001 W PARMER LN,,,1,2026-07-29,Active,,,"SB840 (possible, has overlay -- verify)",medium,,
2910 MEDICAL ARTS ST BLDG 1,,,7,2026-07-29,Active,,,"SB840 (possible, has overlay -- verify)",medium,,
2910 MEDICAL ARTS ST BLDG 1,,,7,2026-07-29,Active,,,"SB840 (possible, has overlay -- verify)",medium,,
2910 MEDICAL ARTS ST BLDG 1,,,7,2026-07-29,Active,,,"SB840 (possible, has overlay -- verify)",medium,,
1302 S 1ST ST,30.25146957,-97.75455205,1,2026-07-30,Active,,,"SB840 (possible, has overlay -- verify)",medium,,
1302 S 1ST ST,30.25146957,-97.75455205,1,2026-07-30,Active,,,"SB840 (possible, has overlay -- verify)",medium,,
1302 S 1ST ST,30.25146957,-97.75455205,1,2026-07-30,Active,,,"SB840 (possible, has overlay -- verify)",medium,,
7104 MC NEIL DR,30.43722949,-97.76452498,1,2026-07-31,Active,,,"SB840 (possible, has overlay -- verify)",medium,,
910 E ST JOHNS AVE BLDG 2,,,1,2026-08-03,Active,,,"SB840 (possible, has overlay -- verify)",medium,,
1000 W MARTIN LUTHER KING JR BLVD,,,1,2026-08-03,Active,,,"SB840 (possible, has overlay -- verify)",medium,,
910 E ST JOHNS AVE BLDG 3,,,1,2026-08-03,Active,,,"SB840 (possible, has overlay -- verify)",medium,,
910 E ST JOHNS AVE BLDG 1,,,1,2026-08-03,Active,,,"SB840 (possible, has overlay -- verify)",medium,,
2500 W WILLIAM CANNON DR BLDG 2 UNIT 204,30.20656318,-97.81288674,1,2026-08-04,Active,,,"SB840 (possible, has overlay -- verify)",medium,,
107 W MILTON ST,30.24710704,-97.7515229,1,2026-08-04,Active,"HOME Phase 2 (inferred, small lot)",medium,,,,
4420 JESTER DR,30.22582508,-97.7854479,1,2026-08-05,Active,HOME (matched to Plan Review Case),high,,,,
3700 THOMPSON ST,30.26583981,-97.69656875,4,2026-08-06,Active,,,"SB840 (possible, has overlay -- verify)",medium,,
624 N PLEASANT VALLEY RD,30.25905298,-97.71042194,1,2026-08-06,Active,,,"SB840 (possible, has overlay -- verify)",medium,,
7710 N FM 620 RD BLDG 9,,,1,2026-08-06,Active,,,"SB840 (possible, has overlay -- verify)",medium,,
11521 N FM 620 RD BLDG C UNIT 850,,,1,2026-08-07,Active,,,"SB840 (possible, has overlay -- verify)",medium,,
5703 MANOR RD,,,1,2026-08-09,Active,,,"SB840 (possible, has overlay -- verify)",medium,,
6018 WILHELMINA DELCO DR,30.32542436,-97.71148371,1,2026-08-11,Active,,,"SB840 (possible, has overlay -- verify)",medium,,
2610 W 10TH ST,30.2853962,-97.77423832,2,2026-08-11,Active,"HOME Phase 1 (inferred, 2-3 unit)",medium,,,,
11521 N FM 620 RD BLDG A,,,1,2026-08-11,Active,,,"SB840 (possible, has overlay -- verify)",medium,,
215 1/2 E WELLS BRANCH PKWY,,,1,2026-08-11,Active,,,"SB840 (possible, has overlay -- verify)",medium,,
608 BLANCO ST,30.27343541,-97.75709911,2,2026-08-12,Active,,,"SB840 (possible, has overlay -- verify)",medium,,
1309 CHICON ST,30.2755887,-97.7200082,1,2026-08-12,Active,,,"SB840 (possible, has overlay -- verify)",medium,,
2806 SAN PEDRO ST,30.29397197,-97.74589553,2,2026-08-12,Active,HOME (matched to Plan Review Case),high,,,,
4220 MONTEREY OAKS BLVD BLDG 2,30.22998937,-97.83249176,1,2026-08-13,Active,,,"SB840 (possible, has overlay -- verify)",medium,,
6818 AUSTIN CENTER BLVD,30.35058809,-97.75177851,3,2026-08-13,Active,,,"SB840 (possible, has overlay -- verify)",medium,,
4704 E CESAR CHAVEZ ST BLDG B,,,1,2026-08-15,Active,,,"SB840 (possible, has overlay -- verify)",medium,,
